insurer_name,insurer_type,solvency_ratio,claims_ratio,premium_growth,reserve_adequacy,liquidity_ratio,compliance_score,policy_count,year,quarter,risk_label,anomaly_flag
CBZ Life,composite,1.9344,0.2652,-0.2791,0.7947,1.8734,0.5473,2383,2024,2,strong,0
ZB Bank Insurance,general,1.5731,0.5304,-0.005,0.8803,1.359,0.9665,5727,2018,4,strong,0
NicozDiamond Brokers,reinsurer,1.6152,0.422,0.3551,1.0332,1.4232,0.6509,5080,2021,3,strong,0
First Mutual Life,general,1.6743,0.9023,-0.1087,0.7672,1.3166,0.9386,5346,2019,2,adequate,0
NicozDiamond Brokers,reinsurer,1.586,0.7201,-0.2368,0.6452,0.9811,0.5983,5781,2024,2,adequate,0
Moonlight Insurance,composite,1.6897,0.5825,-0.1283,0.6325,1.29,0.7043,1350,2023,2,adequate,0
RM Life Zimbabwe,life,1.3192,0.604,-0.1376,0.861,1.6162,0.8506,9740,2022,2,adequate,0
ZB Bank Insurance,life,1.4439,0.4129,-0.1981,0.7782,1.648,0.843,3669,2018,3,strong,0
Alliance Insurance,reinsurer,2.2414,0.9857,-0.0691,0.7625,1.6978,0.5847,4115,2022,1,adequate,0
Fidelity Life Zimbabwe,reinsurer,1.9003,0.6308,-0.0911,0.853,1.3849,0.6776,2570,2022,4,strong,0
Heritage Insurance,general,1.0926,0.6462,-0.2533,0.9581,1.5392,0.9915,6044,2024,4,adequate,0
CBZ Life,life,0.5124,0.3871,0.1793,1.222,0.9431,0.619,996,2019,4,adequate,1
Sanctuary Insurance,composite,1.0247,0.6875,-0.123,1.0996,1.4991,0.7918,13657,2021,2,adequate,0
Zimnat General Insurance,life,0.7258,0.4465,0.0413,1.019,1.3916,0.5038,3309,2024,4,adequate,1
First Mutual Life,general,1.0922,1.0604,-0.0861,1.0992,1.3348,0.9652,1807,2023,4,adequate,0
ZB Bank Insurance,life,1.4938,0.6263,0.2019,0.9001,1.464,0.5983,5273,2019,4,strong,0
RM Life Zimbabwe,composite,0.7979,0.7767,0.0432,1.0092,0.8317,0.572,1802,2021,2,watch,1
Zimnat Life Assurance,reinsurer,1.7156,0.6668,-0.0393,0.8611,1.2531,0.6594,4154,2022,1,adequate,0
First Mutual Life,general,1.0929,0.5849,0.3321,0.881,1.0194,0.8849,1535,2024,3,adequate,0
Heritage Life Assurance,general,2.0201,0.2368,0.3327,0.8136,1.6865,0.8777,5532,2022,2,strong,0
CBZ Life,reinsurer,1.6241,0.1,0.4126,0.7816,1.4872,0.9128,4454,2024,2,strong,0
ZB Life Assurance,composite,1.7486,0.6907,0.114,0.8964,1.3135,0.9287,4351,2019,2,strong,0
NicozDiamond Brokers,reinsurer,2.2345,0.7148,-0.1913,0.8799,1.2631,0.7438,1070,2019,1,adequate,0
CBZ Life,reinsurer,1.4533,0.6341,0.2313,0.7345,1.1556,0.9737,2849,2020,1,adequate,0
Tristar Insurance,composite,0.8879,0.7223,-0.3671,0.3387,1.7392,0.8528,2147,2022,4,watch,1
Nicoz Diamond Insurance,life,1.5823,0.9491,-0.1716,0.7356,1.3499,0.99,4368,2019,1,adequate,0
Sanctuary Insurance,reinsurer,0.8941,0.2616,0.0161,0.9239,1.0153,0.5277,2702,2023,1,adequate,1
Fidelity Life Assurance,general,0.7136,0.6798,-0.1552,0.8739,1.2544,0.5892,4530,2021,2,adequate,1
Zimnat Life Assurance,general,1.4756,0.5263,0.0281,0.9669,1.4216,0.6322,7732,2022,2,strong,0
Alliance Insurance,life,1.3223,0.4218,0.2054,0.8929,1.5785,0.7673,1417,2022,1,strong,0
Old Mutual Life Assurance Zimbabwe,reinsurer,0.9675,0.515,0.0518,0.9444,1.7587,0.7081,2454,2024,2,adequate,0
NicozDiamond Brokers,general,1.25,0.9286,-0.1206,0.7325,1.0811,0.8347,3478,2021,2,adequate,0
Heritage Life Assurance,life,1.2794,0.8242,0.0406,0.9109,1.2754,0.9363,3652,2021,4,adequate,0
First Mutual Life,reinsurer,1.2883,0.208,0.2093,1.1076,1.2417,0.9691,6882,2021,1,strong,0
CABS Insurance,general,1.4204,0.5681,0.1398,0.917,1.5754,0.9491,671,2018,2,strong,0
Nicoz Diamond Insurance,reinsurer,1.7065,0.7514,-0.092,0.8377,1.3224,0.9101,4352,2019,4,adequate,0
First Mutual Health,general,1.2852,1.0416,0.0654,0.8073,1.0819,0.5101,2201,2022,4,adequate,0
RM Life Zimbabwe,life,1.1269,0.3949,-0.1025,0.69,1.2355,0.6987,2600,2022,2,adequate,0
ZB Bank Insurance,reinsurer,1.3748,0.148,0.1301,0.7481,1.2413,0.5396,4874,2022,2,strong,0
Heritage Life Assurance,general,1.5371,0.8962,-0.0543,0.6925,1.4034,0.8318,1077,2021,1,adequate,0
Cell Insurance,life,0.6422,0.7772,-0.0201,0.6907,0.8124,0.9087,2354,2023,2,watch,1
Fidelity Life Zimbabwe,reinsurer,1.7289,0.3672,-0.0851,0.9708,1.1713,0.568,12451,2018,1,strong,0
ZB Bank Insurance,composite,1.1876,0.9917,0.4121,0.6232,1.2428,0.6955,5664,2024,2,watch,0
Fidelity Life Zimbabwe,composite,1.0364,0.9175,0.4485,0.8763,1.6692,0.8441,2966,2021,1,adequate,0
First Mutual Health,life,1.2233,0.6193,0.0128,0.8703,0.7779,0.5788,5410,2020,3,adequate,0
Nicoz Diamond Insurance,composite,1.39,0.1868,-0.1623,0.6466,1.7494,0.8785,2680,2020,3,strong,0
Tristar Insurance,composite,2.4299,0.4066,0.3139,0.8377,1.0605,0.6415,8250,2023,4,strong,0
Old Mutual Life Assurance Zimbabwe,life,1.1434,0.8304,0.204,1.0265,1.2618,0.7363,1099,2020,4,adequate,0
Cell Insurance,composite,1.587,0.8847,-0.0086,0.6613,1.0546,0.9545,12389,2024,2,adequate,0
Tristar Insurance,reinsurer,1.1964,0.3901,0.1485,0.8553,1.8498,0.5261,2470,2024,4,strong,0
Fidelity Life Zimbabwe,general,1.6686,0.8934,0.1058,0.6139,1.4555,0.759,4297,2022,1,adequate,0
CABS Insurance,general,2.3212,0.882,0.3214,0.6981,1.2127,0.7682,8986,2022,4,adequate,0
Fidelity Life Zimbabwe,composite,1.7778,0.9465,-0.2608,0.7928,1.0811,0.7591,20246,2023,4,adequate,0
Old Mutual Zimbabwe,reinsurer,1.6055,0.6207,0.1465,1.0043,0.6231,0.8479,3362,2019,3,adequate,0
Fidelity Life Assurance,general,1.3436,0.9652,0.1217,1.0075,1.0906,0.6754,3321,2022,4,adequate,0
First Mutual Health,composite,1.0223,0.7198,-0.0393,0.698,1.0917,0.7673,3604,2022,1,adequate,0
Old Mutual Life Assurance Zimbabwe,general,0.9267,0.9518,-0.4,0.7985,1.9761,0.8861,2876,2021,4,watch,0
Zimnat General Insurance,composite,1.7387,0.1441,0.0705,1.0321,0.8086,0.7276,2428,2024,4,strong,0
Zimnat Life Assurance,reinsurer,1.7553,0.6978,0.2539,0.8244,1.3526,0.6213,16768,2022,3,adequate,0
ZB Bank Insurance,life,1.4489,0.7075,-0.0897,0.9378,1.2302,0.9582,4653,2019,2,adequate,0
RM Insurance,general,1.595,0.5419,0.1895,0.9115,1.5798,0.7281,6079,2021,2,strong,0
Sanctuary Insurance,life,1.4648,0.4954,-0.2407,1.0502,1.4797,0.8562,7177,2024,2,strong,0
Heritage Insurance,composite,1.2769,0.7955,-0.0419,0.9443,1.5732,0.8834,8403,2023,1,adequate,0
Zimnat Life Assurance,general,1.2675,0.4122,-0.0026,0.8163,1.3442,0.7165,9638,2019,4,strong,0
Old Mutual Zimbabwe,life,2.1554,0.7707,0.2014,0.7952,1.4132,0.821,5443,2019,4,adequate,0
Tristar Insurance,reinsurer,1.3736,1.0374,-0.0419,1.063,1.1066,0.9402,20803,2021,4,adequate,0
RM Insurance,reinsurer,1.7521,0.6075,-0.1896,0.7732,1.4195,0.5215,1506,2019,2,strong,0
First Mutual Health,life,1.2886,0.4476,-0.0655,0.8217,1.5957,0.6151,11112,2024,4,strong,0
ZB Life Assurance,life,1.3222,0.1324,0.1086,0.7986,1.1142,0.5875,6560,2023,2,strong,0
NicozDiamond Brokers,reinsurer,0.9036,0.8938,-0.3081,0.84,1.0755,0.7274,6465,2021,2,watch,0
ZB Bank Insurance,reinsurer,1.823,0.781,-0.0626,0.8459,1.3266,0.6653,6061,2023,1,adequate,0
Heritage Insurance,reinsurer,1.442,0.7566,0.2223,1.1035,1.083,0.5789,6358,2019,1,adequate,0
ZB Bank Insurance,composite,1.2636,0.8867,0.3177,1.009,1.0437,0.5959,3803,2023,4,adequate,0
Fidelity Life Zimbabwe,general,1.4527,0.2584,0.1132,1.1726,0.8693,0.8548,5740,2022,3,strong,0
Sanctuary Insurance,reinsurer,1.0856,0.4483,0.1799,0.9432,1.088,0.6847,2777,2020,4,adequate,0
CABS Insurance,composite,1.8717,0.492,0.233,0.875,0.7411,0.6948,4428,2021,3,strong,0
CABS Insurance,reinsurer,1.0488,1.0014,0.3529,1.0483,1.0744,0.605,6500,2021,3,adequate,0
Tristar Insurance,reinsurer,1.5537,0.4438,0.0696,0.8156,1.2099,0.5716,5023,2018,4,strong,0
RM Insurance,composite,1.3357,0.2626,0.0101,0.8794,1.0157,0.9748,8625,2023,4,strong,0
Alliance Insurance,life,1.3047,0.114,0.081,0.6918,1.1726,0.6184,1708,2019,2,strong,0
First Mutual Life,general,1.6876,0.1746,-0.0245,0.861,1.5759,0.7816,1392,2021,1,strong,0
Cell Insurance,general,1.609,0.3677,0.0274,0.8645,1.1744,0.7571,14603,2022,4,strong,0
RM Life Zimbabwe,life,1.1791,0.4343,-0.003,0.815,1.3483,0.9512,2177,2023,4,adequate,0
ZB Bank Insurance,reinsurer,1.6813,0.3817,-0.0206,1.0459,1.0607,0.8784,1599,2018,1,strong,0
Fidelity Life Assurance,life,1.4597,0.9083,-0.0613,0.8481,1.3495,0.5218,15747,2021,4,adequate,0
Old Mutual Zimbabwe,general,1.3302,0.9799,-0.0141,0.4953,1.4855,0.8267,2542,2018,1,adequate,0
Old Mutual Zimbabwe,reinsurer,1.3259,0.3802,0.0931,0.8084,1.7343,0.7444,7690,2023,4,strong,0
CBZ Life,reinsurer,1.825,0.6225,0.4086,0.8785,1.53,0.9699,3897,2018,3,strong,0
Heritage Life Assurance,life,1.3706,0.9949,-0.044,0.9079,0.6404,0.6255,5773,2022,4,adequate,0
First Mutual Health,reinsurer,1.485,0.6652,0.195,0.8453,1.5347,0.5666,3006,2020,2,strong,0
Moonlight Insurance,composite,1.9077,0.8603,0.2839,0.9998,1.6557,0.9163,543,2018,4,adequate,0
Old Mutual Zimbabwe,general,1.5009,0.8232,-0.2119,0.9722,1.4394,0.9753,6235,2022,4,adequate,0
Minerva Risk Advisors,general,1.7897,0.4718,0.1215,1.0595,1.2726,0.8244,10814,2022,2,strong,0
Zimnat General Insurance,composite,0.5524,1.0143,-0.0869,0.9005,0.9605,0.7325,2858,2023,2,watch,1
NicozDiamond Brokers,composite,0.7694,0.8757,0.2594,0.8862,1.2316,0.906,4773,2022,2,watch,0
Zimnat General Insurance,general,1.5484,0.651,-0.1567,0.6677,1.5868,0.9153,5826,2019,1,adequate,0
Sanctuary Insurance,life,2.07,1.0203,-0.005,0.6813,1.8334,0.6401,6579,2023,1,adequate,0
Fidelity Life Assurance,reinsurer,1.6577,0.9172,-0.0322,0.8835,1.0701,0.8402,6019,2022,2,adequate,0
Alliance Insurance,general,1.5057,0.6081,0.0902,0.7575,1.2067,0.7088,1077,2023,1,adequate,0
Old Mutual Zimbabwe,life,1.4153,0.6078,0.2358,0.987,1.4266,0.5032,5474,2024,3,strong,0
Sanctuary Insurance,composite,1.0965,0.4239,-0.1614,0.7913,1.4549,0.749,13578,2018,3,adequate,0
Heritage Life Assurance,general,1.9004,0.4601,0.0611,0.5615,1.2671,0.634,1967,2023,4,strong,0
Zimnat General Insurance,reinsurer,1.4734,0.9437,0.272,0.7234,1.1598,0.6393,1784,2022,1,adequate,0
CBZ Life,life,1.153,0.7881,-0.1966,0.8173,0.8545,0.8399,17047,2018,2,adequate,0
NicozDiamond Brokers,general,1.4026,0.4837,0.0332,0.9713,1.1936,0.8562,4538,2019,2,strong,0
Heritage Life Assurance,life,1.632,0.5577,0.0564,0.9323,1.8353,0.7765,4756,2018,2,strong,0
FBC Insurance,life,1.7076,0.548,-0.0346,0.9612,1.4789,0.9489,1168,2024,1,strong,0
RM Insurance,life,2.187,0.3755,-0.0726,0.8408,1.0994,0.6903,10881,2018,3,strong,0
Fidelity Life Zimbabwe,life,2.1069,0.863,0.1368,1.0609,1.0313,0.8984,807,2024,1,adequate,0
CABS Insurance,composite,1.4253,0.1768,0.1173,0.5783,1.0709,0.7601,5256,2019,3,strong,0
CBZ Life,reinsurer,1.6949,0.5844,-0.0562,0.8558,1.8168,0.6787,5975,2020,3,strong,0
Minerva Risk Advisors,general,2.0926,1.0334,-0.0041,0.8637,1.0833,0.9683,2855,2019,4,adequate,0
ZB Bank Insurance,general,0.7906,0.1,0.194,0.7976,0.9176,0.6383,4622,2024,4,adequate,0
CABS Insurance,general,1.7261,0.4485,0.0162,0.5141,1.4013,0.8459,4656,2021,4,strong,0
FBC Insurance,general,1.3737,1.0688,0.0909,0.9176,0.8521,0.9394,22351,2023,4,adequate,0
CABS Insurance,reinsurer,1.2078,0.8229,-0.2132,1.1196,1.3047,0.6788,1903,2024,2,adequate,0
NicozDiamond Brokers,life,1.607,0.9522,-0.1286,0.9525,1.1342,0.5253,6706,2018,2,adequate,0
Zimnat General Insurance,general,1.4756,0.6694,-0.1796,0.8025,1.5244,0.7338,3866,2019,2,strong,0
Cell Insurance,composite,1.8026,0.281,-0.141,0.741,1.6955,0.5496,1562,2022,4,strong,0
FBC Insurance,general,1.3646,0.3534,0.2766,0.7949,1.3481,0.77,1373,2022,1,strong,0
CBZ Life,life,1.6354,0.8941,0.1586,0.7291,1.2304,0.7609,5488,2020,4,adequate,0
Alliance Insurance,general,0.7566,0.972,0.1429,0.8506,1.1796,0.5414,1763,2024,4,watch,1
Alliance Insurance,life,0.566,0.3002,0.1724,0.7576,1.1978,0.5765,3163,2021,1,adequate,1
NicozDiamond Brokers,general,1.8412,0.813,-0.004,1.0102,1.0487,0.5733,2374,2023,3,adequate,0
ZB Life Assurance,reinsurer,1.3361,0.8177,0.0594,1.2249,1.2772,0.6738,5989,2024,4,adequate,0
First Mutual Life,life,1.3718,0.2668,0.2146,0.8472,1.0593,0.6335,5978,2022,2,strong,0
FBC Insurance,general,1.0824,0.5336,-0.1237,0.8006,1.0861,0.8197,3822,2021,2,adequate,0
Minerva Risk Advisors,composite,2.0056,0.3079,0.2874,0.8152,1.8708,0.7436,5639,2022,2,strong,0
NicozDiamond Brokers,general,1.5144,0.5651,0.1815,0.687,1.1553,0.9741,8164,2024,4,adequate,0
CBZ Life,reinsurer,1.4333,0.6287,0.0462,0.9179,1.476,0.5576,1941,2019,4,strong,0
Fidelity Life Assurance,reinsurer,1.4188,0.4927,-0.2019,1.0726,1.6706,0.6298,3451,2018,1,strong,0
CABS Insurance,general,1.835,0.7039,0.0436,0.7933,1.3259,0.704,2722,2021,3,adequate,0
Fidelity Life Zimbabwe,general,1.6192,0.6849,-0.1009,0.7538,1.6257,0.7593,7689,2019,2,adequate,0
RM Insurance,composite,1.9744,0.2711,-0.3964,0.5111,0.8572,0.5992,1414,2020,4,strong,1
ZB Bank Insurance,life,1.6179,0.6929,0.1825,0.8745,1.5527,0.7416,7560,2020,3,strong,0
NicozDiamond Brokers,composite,1.3945,0.5554,0.1305,1.1452,1.2891,0.5539,3018,2018,2,strong,0
Heritage Life Assurance,life,1.3529,0.7607,0.2326,0.7772,0.9548,0.5851,4873,2024,4,adequate,0
Fidelity Life Zimbabwe,life,1.3182,0.9947,0.3313,1.0252,1.9753,0.9761,14448,2019,4,adequate,0
FBC Insurance,life,0.96,0.9953,0.0316,0.9596,1.3825,0.8914,7465,2023,1,adequate,0
First Mutual Life,general,1.756,0.4276,-0.2648,0.9217,0.8372,0.6084,3361,2020,4,strong,0
Sanctuary Insurance,life,1.3517,0.865,-0.0879,0.6061,1.0612,0.6214,4945,2023,1,adequate,0
Moonlight Insurance,general,1.3645,0.2248,-0.0035,0.9498,0.9467,0.6227,2651,2024,1,strong,0
First Mutual Health,composite,0.848,0.8644,0.1371,0.7503,1.3279,0.5365,851,2018,1,watch,1
Moonlight Insurance,life,1.1147,0.2764,0.0926,0.9657,0.9585,0.6059,8667,2024,1,strong,0
Minerva Risk Advisors,composite,1.2765,0.8958,0.1203,1.122,1.3109,0.806,5387,2019,2,adequate,0
Zimnat General Insurance,general,1.8518,0.638,0.4697,0.7676,1.5965,0.5805,1376,2020,1,strong,0
Old Mutual Life Assurance Zimbabwe,life,1.3018,0.7722,0.6,0.9432,0.836,0.6635,2172,2020,3,adequate,0
Heritage Life Assurance,composite,1.8156,0.7298,0.3135,0.904,1.6351,0.5327,3513,2019,4,strong,0
ZB Life Assurance,life,1.2728,0.7323,0.2354,0.8557,1.049,0.9635,8357,2024,2,adequate,0
Sanctuary Insurance,composite,1.7111,0.4325,0.2447,0.9122,1.2896,0.849,5737,2020,3,strong,0
CABS Insurance,general,2.3569,0.7034,0.2244,0.7984,0.9908,0.8103,6010,2020,4,adequate,0
CABS Insurance,general,1.6926,0.5969,-0.1634,0.9171,1.1948,0.6409,12690,2019,1,strong,0
First Mutual Life,life,1.8909,1.0739,-0.0564,0.8605,1.0487,0.5014,1959,2019,2,adequate,0
Heritage Insurance,composite,0.6812,0.7441,-0.0074,0.8742,1.2187,0.8115,3326,2024,1,watch,1
RM Life Zimbabwe,general,0.8834,0.3634,0.2916,0.6155,1.6065,0.7594,8079,2024,1,adequate,0
Tristar Insurance,general,0.8374,0.5956,0.0564,0.8144,0.9659,0.5797,4619,2022,1,adequate,1
CBZ Life,composite,1.5397,0.3044,0.0081,0.8409,1.3417,0.8724,1855,2018,4,strong,0
FBC Insurance,life,1.3354,0.7296,0.1596,0.8343,1.1271,0.8798,967,2018,3,adequate,0
First Mutual Health,composite,0.9736,0.8111,0.0943,0.785,1.4185,0.8153,3143,2021,3,adequate,0
Sanctuary Insurance,general,1.2382,0.71,0.0459,0.9293,1.3586,0.973,3420,2018,3,adequate,0
First Mutual Life,general,1.5699,1.0069,0.151,1.1566,1.3681,0.9481,8306,2022,4,adequate,0
Alliance Insurance,composite,1.6149,0.4414,-0.0666,0.9066,1.3556,0.9426,6219,2021,1,strong,0
Alliance Insurance,general,1.9503,0.5685,0.124,0.6857,1.2167,0.9844,3788,2023,3,adequate,0
Moonlight Insurance,life,0.9372,0.4281,-0.2928,0.8665,1.5942,0.5845,1282,2022,3,adequate,1
FBC Insurance,life,1.1493,0.7857,-0.1435,0.8494,1.2829,0.7403,1495,2023,2,adequate,0
Minerva Risk Advisors,general,1.6953,0.1802,0.3477,0.8392,0.9043,0.9465,4882,2021,1,strong,0
Tristar Insurance,life,0.5085,1.1581,0.0842,0.9609,1.6888,0.8585,1223,2022,4,watch,1
First Mutual Health,reinsurer,1.4593,0.6827,-0.1476,0.8412,1.1422,0.6726,5094,2020,2,adequate,0
NicozDiamond Brokers,general,1.416,0.173,0.0359,0.8219,1.0407,0.5042,6415,2024,4,strong,0
Tristar Insurance,life,1.2835,0.4239,-0.0372,0.9132,1.3686,0.9649,3494,2022,4,strong,0
CBZ Life,reinsurer,1.6196,0.5696,0.2429,0.8339,1.0696,0.55,5349,2020,4,strong,0
RM Insurance,general,1.4076,0.7217,0.3204,0.8416,1.1327,0.5668,2056,2022,4,adequate,0
Cell Insurance,composite,0.9715,0.4616,-0.0246,0.9503,1.1954,0.6842,3053,2023,2,adequate,0
RM Insurance,life,1.1108,0.6548,-0.1022,1.0049,1.504,0.6753,6917,2022,3,adequate,0
Tristar Insurance,reinsurer,1.1838,0.9257,0.2541,0.9239,0.7733,0.5698,8147,2021,2,adequate,0
Tristar Insurance,life,1.4814,1.0536,-0.1467,0.683,1.2036,0.6133,2564,2024,4,adequate,0
Fidelity Life Assurance,life,0.9757,0.8821,-0.0125,0.9843,0.6981,0.6949,3236,2022,2,watch,0
Heritage Life Assurance,reinsurer,1.3123,0.407,-0.0653,0.8942,1.2872,0.8524,2783,2019,2,strong,0
CBZ Life,reinsurer,1.4411,0.9291,-0.248,1.0485,1.8695,0.5748,822,2019,3,adequate,0
Minerva Risk Advisors,composite,1.6392,0.6937,-0.0386,1.2744,1.3089,0.5616,6104,2024,1,strong,0
Heritage Life Assurance,general,1.3028,0.68,0.2204,0.9929,1.503,0.6109,5715,2022,4,adequate,0
Heritage Life Assurance,general,1.8846,0.2973,0.4234,1.0632,1.0106,0.6913,4957,2024,3,strong,0
CBZ Life,general,1.1297,0.9441,0.264,0.9966,1.2214,0.7659,2719,2018,3,adequate,0
ZB Life Assurance,life,1.0376,0.7641,0.2152,1.1531,1.4692,0.968,4265,2024,4,adequate,0
Heritage Life Assurance,general,1.127,0.3503,0.0504,1.0749,1.2427,0.967,3123,2019,2,strong,0
NicozDiamond Brokers,general,0.9063,0.8635,-0.0255,0.6068,1.5335,0.8043,5660,2019,4,watch,0
CABS Insurance,composite,1.2881,0.6298,-0.3425,0.8846,1.2262,0.725,7702,2023,2,adequate,0
Alliance Insurance,composite,1.0644,0.5926,-0.1759,0.6649,1.0233,0.6574,8234,2021,3,adequate,0
Moonlight Insurance,composite,1.4605,0.3974,0.0848,0.7491,1.8276,0.6424,3122,2020,2,strong,0
Old Mutual Zimbabwe,reinsurer,1.3489,0.5364,-0.1245,0.9257,1.3713,0.8719,13183,2022,2,strong,0
CABS Insurance,general,1.3963,0.7304,0.1613,0.8359,1.1773,0.6662,39350,2019,4,adequate,0
Zimnat General Insurance,reinsurer,1.719,0.7173,0.1646,0.7255,1.3728,0.9367,4383,2020,2,adequate,0
Minerva Risk Advisors,composite,1.1299,0.9531,-0.2629,0.6588,1.0734,0.7812,2413,2024,3,watch,0
RM Insurance,life,1.1644,0.8345,0.0322,0.897,1.1295,0.6623,12085,2020,1,adequate,0
Old Mutual Life Assurance Zimbabwe,reinsurer,1.1789,0.6003,-0.2259,0.8794,2.1196,0.8543,2887,2020,4,adequate,0
Nicoz Diamond Insurance,reinsurer,1.1959,0.843,0.3011,0.7841,1.4421,0.9326,5487,2021,3,adequate,0
NicozDiamond Brokers,general,1.3526,0.4464,0.1063,0.726,1.119,0.7089,1659,2022,3,adequate,0
Alliance Insurance,composite,1.3193,0.5627,0.2593,0.7399,0.9789,0.5644,3136,2024,3,adequate,0
Moonlight Insurance,general,1.3509,0.8477,0.104,0.737,1.0765,0.8389,13984,2020,3,adequate,0
Nicoz Diamond Insurance,life,0.9852,0.7876,-0.1248,0.7264,1.2218,0.7115,10520,2023,2,adequate,0
Tristar Insurance,general,1.5492,0.7249,-0.0012,0.8552,1.5629,0.7899,10190,2024,1,strong,0
RM Insurance,composite,1.3824,0.3805,0.2647,0.7868,1.0623,0.9867,9966,2023,1,strong,0
Sanctuary Insurance,reinsurer,2.1821,0.6459,0.0878,0.9169,1.2414,0.7553,7348,2019,2,strong,0
ZB Life Assurance,general,1.2588,0.624,0.297,0.9352,0.9532,0.9227,1357,2018,4,adequate,0
Fidelity Life Assurance,reinsurer,1.2329,0.5461,0.0636,1.0133,0.7512,0.5628,2103,2023,3,adequate,0
Moonlight Insurance,reinsurer,0.9993,0.6991,0.3715,0.9907,1.4626,0.933,695,2018,4,adequate,0
Old Mutual Zimbabwe,composite,1.2993,0.8359,0.3854,0.6789,1.481,0.5543,5354,2021,1,adequate,0
CBZ Life,general,1.7346,0.4064,-0.0506,0.7978,1.1922,0.6914,2315,2018,1,strong,0
Old Mutual Life Assurance Zimbabwe,composite,1.4745,0.5157,0.073,0.9768,1.0204,0.5237,3105,2020,3,strong,0
Nicoz Diamond Insurance,life,1.3278,0.8111,0.284,1.1296,1.0252,0.696,5958,2024,3,adequate,0
Moonlight Insurance,general,1.4003,0.9771,0.1096,0.8214,1.8043,0.5672,17088,2019,3,adequate,0
CABS Insurance,reinsurer,1.0521,1.0033,-0.122,0.9152,1.2442,0.6598,10564,2022,2,adequate,0
Fidelity Life Assurance,reinsurer,0.8576,0.5431,0.0379,1.0341,0.9196,0.7943,1983,2021,2,adequate,0
Heritage Life Assurance,life,0.831,0.2822,0.0089,0.7418,0.9771,0.5247,4608,2018,4,adequate,1
RM Insurance,general,1.2875,0.6626,0.1716,0.614,1.3862,0.5875,3768,2023,4,adequate,0
FBC Insurance,reinsurer,1.5749,0.6119,0.1982,0.7709,1.2621,0.5716,1265,2020,2,adequate,0
Heritage Life Assurance,general,1.5011,0.9893,0.0428,1.0018,1.1838,0.5178,3892,2024,3,adequate,0
Zimnat General Insurance,general,1.2928,0.1448,-0.1032,1.0601,1.3711,0.6318,2017,2020,2,strong,0
Old Mutual Zimbabwe,reinsurer,1.0828,0.9848,0.4639,1.1103,1.0962,0.9799,4875,2024,4,adequate,0
Fidelity Life Assurance,general,1.5219,0.6807,0.0086,0.8971,1.4711,0.84,9987,2023,2,strong,0
ZB Bank Insurance,reinsurer,1.2065,0.5689,0.4269,0.6264,1.7646,0.8173,7000,2022,2,adequate,0
Zimnat Life Assurance,life,1.044,0.626,-0.0962,0.9843,1.0151,0.9656,3286,2019,4,adequate,0
Heritage Insurance,general,1.3439,0.8737,0.2528,0.8735,1.7888,0.6034,3241,2022,2,adequate,0
NicozDiamond Brokers,composite,1.166,0.4382,0.0738,0.666,1.0753,0.833,4459,2021,2,adequate,0
Fidelity Life Zimbabwe,composite,1.0729,0.6147,0.073,0.8665,0.9792,0.6462,12032,2020,1,adequate,0
Old Mutual Zimbabwe,reinsurer,1.1822,0.8836,0.1568,0.8128,1.2936,0.5022,2247,2024,2,adequate,0
Old Mutual Zimbabwe,life,1.5343,0.5,-0.2362,0.9292,1.7682,0.9682,8981,2019,4,strong,0
RM Life Zimbabwe,general,1.5158,0.2935,0.1142,0.6618,1.6509,0.7388,3676,2019,4,strong,0
RM Insurance,composite,1.7305,0.806,0.2931,0.7744,0.941,0.6911,1821,2022,1,adequate,0
Nicoz Diamond Insurance,general,0.6544,0.8688,0.2281,0.8887,1.3708,0.5324,2042,2021,3,watch,1
Minerva Risk Advisors,general,1.59,1.0087,-0.2345,0.8315,1.0972,0.5828,21980,2024,1,adequate,0
RM Insurance,composite,1.1868,0.3892,0.1461,1.0837,1.5969,0.7789,1442,2021,1,strong,0
Old Mutual Zimbabwe,reinsurer,1.8276,0.4481,0.0037,0.9587,0.9159,0.7544,10755,2024,4,strong,0
ZB Bank Insurance,composite,1.5475,0.5521,0.0864,0.4948,1.1554,0.8818,1516,2024,2,adequate,0
CABS Insurance,reinsurer,1.5906,0.481,0.2752,0.7022,1.6415,0.7573,2459,2023,2,strong,0
Alliance Insurance,composite,1.0274,1.0164,-0.3767,0.82,1.8022,0.9024,4835,2020,4,adequate,0
Old Mutual Life Assurance Zimbabwe,life,1.1722,0.6762,-0.0552,0.9205,1.3674,0.6661,1194,2021,1,adequate,0
Alliance Insurance,composite,1.0959,0.8105,0.1374,0.9496,1.1114,0.75,3838,2022,1,adequate,0
Tristar Insurance,reinsurer,1.107,0.2227,0.0304,1.1116,1.1639,0.6007,2989,2020,2,strong,0
ZB Life Assurance,general,2.0203,0.6771,-0.3596,0.4734,1.7848,0.9901,705,2020,4,adequate,1
Zimnat Life Assurance,reinsurer,1.1558,0.7074,0.0176,1.1367,0.9487,0.5253,16326,2019,1,adequate,0
Cell Insurance,reinsurer,1.746,0.3925,0.3671,0.8868,1.2649,0.7617,4756,2024,2,strong,0
Old Mutual Life Assurance Zimbabwe,reinsurer,1.1997,0.9044,0.0941,0.8496,1.2076,0.6401,4581,2018,4,adequate,0
Zimnat Life Assurance,composite,1.3224,0.1775,0.2938,0.9104,1.0999,0.5116,2949,2021,2,strong,0
RM Insurance,composite,2.0652,0.3309,0.3094,0.9736,1.5198,0.7923,3955,2019,1,strong,0
RM Insurance,life,1.2627,1.035,0.2525,0.8412,0.8868,0.6751,1723,2020,1,adequate,0
Zimnat General Insurance,reinsurer,1.5588,0.6339,0.2595,1.282,2.1802,0.7986,775,2021,1,strong,0
Heritage Insurance,life,1.1848,0.4861,0.0851,0.9242,1.1866,1.0,6012,2019,3,adequate,0
Cell Insurance,life,2.2004,0.6607,0.2211,1.2215,1.6721,0.9484,2205,2023,1,strong,0
ZB Bank Insurance,reinsurer,1.2913,0.8039,0.1397,0.8767,1.0507,0.5063,5564,2022,2,adequate,0
ZB Bank Insurance,life,1.0999,0.9726,-0.0913,0.9618,1.3327,0.7922,3466,2023,3,adequate,0
RM Life Zimbabwe,life,1.2633,0.9116,0.3955,1.0039,1.481,0.9132,7138,2019,1,adequate,0
Alliance Insurance,reinsurer,1.685,0.3603,0.3033,0.9372,1.2449,0.8535,5675,2024,3,strong,0
Heritage Life Assurance,composite,1.4374,0.7183,0.3475,1.0247,0.9099,0.9998,1208,2019,3,adequate,0
RM Insurance,reinsurer,1.4908,0.8892,-0.1032,1.0292,1.5888,0.5938,814,2023,4,adequate,0
CBZ Life,reinsurer,1.5622,0.3923,-0.2115,0.7224,1.0389,0.5939,4850,2024,1,strong,0
Tristar Insurance,composite,1.4536,0.2308,0.1282,0.8343,1.0919,0.8003,11280,2021,2,strong,0
Heritage Life Assurance,life,1.6648,0.3496,0.2338,0.5497,1.354,0.6796,14239,2020,3,strong,0
Old Mutual Zimbabwe,reinsurer,1.5323,0.5288,-0.1819,0.9653,1.0073,0.5444,1986,2021,3,strong,0
Old Mutual Life Assurance Zimbabwe,general,1.1102,0.8705,-0.0973,0.6173,1.1111,0.8607,5268,2020,1,watch,0
First Mutual Health,life,1.5371,0.8427,-0.2479,0.9238,0.7869,0.6724,5250,2020,4,adequate,0
Sanctuary Insurance,reinsurer,1.9644,0.3225,0.0982,1.0501,1.8821,0.9136,4439,2023,4,strong,0
FBC Insurance,life,2.3061,0.8827,0.1063,0.7748,1.3816,0.9192,1573,2024,2,adequate,0
CABS Insurance,life,1.6157,0.1408,-0.0548,0.882,1.3349,0.651,4785,2020,2,strong,0
Old Mutual Life Assurance Zimbabwe,reinsurer,0.88,0.432,0.0382,0.6596,1.6847,0.5611,2158,2023,1,adequate,1
Tristar Insurance,reinsurer,1.3603,0.9111,0.1238,0.8945,1.1267,0.879,2403,2018,3,adequate,0
Moonlight Insurance,composite,1.9979,0.3352,0.2295,0.8563,1.0302,0.6759,1727,2018,1,strong,0
Old Mutual Zimbabwe,life,1.824,0.7556,-0.0638,0.8273,1.3247,0.585,5808,2021,4,adequate,0
Zimnat Life Assurance,life,1.9483,0.2911,0.1847,0.9973,2.0345,0.925,14155,2020,4,strong,0
CABS Insurance,composite,1.4419,0.5977,0.6,1.063,1.0804,0.7781,7711,2019,2,strong,0
Zimnat General Insurance,general,1.4276,1.0088,0.1935,0.989,1.6072,0.7376,4064,2022,3,adequate,0
RM Life Zimbabwe,reinsurer,1.5372,0.9437,-0.1506,0.8165,1.0938,0.9928,5459,2020,4,adequate,0
ZB Bank Insurance,composite,1.4961,0.3322,0.3709,0.9969,1.3362,0.6442,2639,2022,4,strong,0
NicozDiamond Brokers,composite,0.7569,0.8226,-0.0025,0.9227,0.8564,0.5098,2439,2022,1,watch,1
Alliance Insurance,life,0.8077,0.7641,-0.0022,0.8397,1.22,0.9784,4609,2019,3,watch,0
First Mutual Health,composite,1.82,1.0501,0.2942,0.9726,0.8608,0.5573,4396,2021,4,adequate,0
Old Mutual Zimbabwe,reinsurer,1.361,0.3217,-0.3702,0.5307,1.3083,0.8802,2795,2020,3,strong,1
First Mutual Life,reinsurer,1.8479,0.4603,-0.0819,0.6547,1.1197,0.9266,4835,2019,3,strong,0
Sanctuary Insurance,general,1.6566,0.4588,0.247,0.9926,1.1182,0.735,6298,2018,2,strong,0
Moonlight Insurance,composite,0.8564,0.3742,0.423,0.8959,1.4127,0.975,4702,2024,1,adequate,0
Nicoz Diamond Insurance,reinsurer,1.1499,0.8942,0.0978,0.8458,1.652,0.8731,12457,2022,3,adequate,0
ZB Life Assurance,life,1.5109,0.2994,0.3292,0.5533,0.9973,0.5952,9334,2023,4,strong,0
Zimnat Life Assurance,general,1.9171,0.6754,-0.0797,1.1978,1.3657,0.6617,2202,2018,2,strong,0
CABS Insurance,reinsurer,1.2128,0.4168,0.4108,0.8366,1.5796,0.5989,6298,2020,3,strong,0
Cell Insurance,reinsurer,1.4343,0.6744,-0.0797,0.706,1.1174,0.7021,2687,2018,4,adequate,0
Fidelity Life Zimbabwe,general,1.4391,0.2175,0.306,0.8845,1.1767,0.6882,7402,2022,4,strong,0
CABS Insurance,general,1.8661,0.4396,0.0782,1.1185,1.2978,0.752,2653,2020,3,strong,0
ZB Life Assurance,composite,0.8302,0.7682,-0.0475,0.7428,0.9403,0.7584,7873,2022,3,watch,0
NicozDiamond Brokers,life,1.137,0.2814,0.4229,0.8853,1.7761,0.9438,4997,2021,3,strong,0
NicozDiamond Brokers,general,1.5136,1.0483,-0.2859,0.3325,1.4549,0.728,1414,2022,4,adequate,1
Tristar Insurance,composite,1.0551,0.2407,0.25,0.8403,1.1641,0.8636,8410,2022,4,strong,0
Fidelity Life Zimbabwe,general,1.35,0.8572,0.2504,0.8156,0.9174,0.9356,5592,2018,3,adequate,0
NicozDiamond Brokers,composite,1.6915,0.5373,0.1131,1.0244,1.3318,0.8268,7864,2020,1,strong,0
ZB Life Assurance,general,1.5089,0.8757,0.1263,1.1658,0.7958,0.6126,13474,2019,1,adequate,0
Heritage Life Assurance,composite,1.8755,0.9928,-0.0629,0.852,0.7444,0.6989,1158,2024,1,adequate,0
Nicoz Diamond Insurance,general,1.1338,0.9026,-0.263,0.9043,0.8446,0.7724,7298,2018,4,adequate,0
First Mutual Health,reinsurer,1.0884,1.0017,-0.0675,1.072,1.1444,0.8563,4781,2018,1,adequate,0
Moonlight Insurance,general,0.9105,0.5232,0.1546,0.639,1.219,0.6555,4369,2023,2,adequate,0
Zimnat General Insurance,composite,1.8961,0.7323,-0.0031,0.9292,0.7321,0.543,6793,2022,3,adequate,0
Fidelity Life Zimbabwe,reinsurer,1.7048,0.2083,-0.1053,0.9557,1.1665,0.6393,8156,2020,1,strong,0
NicozDiamond Brokers,general,1.573,0.7797,0.1646,0.8902,1.6941,0.8202,3527,2019,3,adequate,0
ZB Life Assurance,composite,0.9106,0.629,0.3366,1.0018,0.9537,0.6444,7510,2019,4,adequate,0
First Mutual Health,general,0.8515,1.1923,0.3144,0.9456,0.6712,0.6646,1375,2023,1,watch,1
Minerva Risk Advisors,general,1.3359,1.0179,0.2704,0.8926,0.7455,0.7022,2876,2018,2,adequate,0
Old Mutual Life Assurance Zimbabwe,life,1.4566,0.7384,0.0294,0.843,1.3964,0.616,1223,2024,2,adequate,0
CABS Insurance,reinsurer,1.6328,0.4875,0.0299,0.9506,1.4505,0.6367,4799,2023,1,strong,0
Tristar Insurance,life,0.7624,0.5998,0.2634,1.0174,1.4394,0.5445,3026,2021,1,adequate,1
Cell Insurance,composite,1.2542,0.8887,0.2702,0.7718,1.1379,0.8245,1375,2021,3,adequate,0
Cell Insurance,composite,1.6656,0.8066,-0.183,0.949,0.945,0.9035,25371,2024,1,adequate,0
Zimnat Life Assurance,reinsurer,1.6016,0.6177,0.0918,0.8973,1.5333,0.9278,12022,2021,1,strong,0
Cell Insurance,life,1.9915,0.7613,0.07,0.6254,1.6785,0.6502,8176,2019,4,adequate,0
RM Insurance,general,2.1041,0.9003,0.0288,0.6571,0.8029,0.9948,10713,2019,4,adequate,0
Cell Insurance,life,1.2413,0.1301,0.0553,0.9904,0.7836,0.8273,1813,2023,4,strong,0
CABS Insurance,life,1.7243,0.8234,0.0636,0.885,1.7665,0.9926,4470,2021,3,adequate,0
CBZ Life,life,1.529,0.7793,0.1129,0.7256,1.5735,0.7208,5174,2022,3,adequate,0
CBZ Life,reinsurer,2.0531,0.3468,0.34,0.6937,1.9692,0.6696,5319,2019,2,strong,0
Alliance Insurance,reinsurer,1.573,0.7335,-0.0588,0.7993,1.2556,0.6973,3863,2023,2,adequate,0
Nicoz Diamond Insurance,life,1.0619,0.9456,0.1282,0.8515,1.1946,0.9498,1842,2023,2,adequate,0
Zimnat General Insurance,composite,1.4193,0.8784,0.0446,1.0041,0.8507,0.7336,8697,2020,3,adequate,0
First Mutual Life,life,1.5593,0.6378,-0.0714,0.8958,0.5687,0.7667,3362,2023,4,adequate,0
Minerva Risk Advisors,composite,1.6986,0.7978,0.2148,0.7048,1.8554,0.7143,4468,2022,2,adequate,0
Zimnat General Insurance,reinsurer,1.5188,0.3687,-0.1717,1.0368,1.2328,0.7059,5190,2018,1,strong,0
Cell Insurance,composite,1.8556,0.8941,-0.0777,0.807,1.2503,0.6914,1149,2022,3,adequate,0
First Mutual Health,reinsurer,1.3631,0.3865,0.0462,1.0024,0.9195,0.6862,2846,2023,1,strong,0
Zimnat General Insurance,general,1.3302,0.673,0.1905,1.0496,1.1579,0.9054,3499,2023,1,adequate,0
Sanctuary Insurance,general,0.7494,0.6313,0.1728,0.8476,1.4473,0.5217,882,2019,1,adequate,1
ZB Life Assurance,life,1.299,0.5832,0.0239,1.0374,1.0472,0.8676,6600,2024,3,adequate,0
RM Life Zimbabwe,reinsurer,0.9393,0.4527,-0.1097,0.7151,1.1902,0.5775,836,2024,3,adequate,1
Old Mutual Zimbabwe,reinsurer,1.4238,0.3996,0.1091,1.0359,0.9242,0.8189,12629,2021,2,strong,0
Heritage Life Assurance,life,1.8624,0.5618,-0.0551,1.1264,1.6295,0.8754,3558,2020,1,strong,0
NicozDiamond Brokers,general,1.7526,0.3713,-0.3761,0.5013,0.9807,0.5089,9283,2023,2,adequate,1
Heritage Life Assurance,composite,2.2752,0.4666,0.2613,0.6298,1.1139,0.7825,15803,2023,1,adequate,0
Moonlight Insurance,life,1.9687,0.6329,-0.2613,0.4861,0.6478,0.6975,3175,2021,2,adequate,1
Old Mutual Life Assurance Zimbabwe,life,1.4142,0.6229,0.0836,0.7555,0.8757,0.5306,6159,2022,1,adequate,0
Fidelity Life Assurance,reinsurer,1.6158,0.8358,0.1944,1.013,0.9543,0.6434,2938,2024,2,adequate,0
Minerva Risk Advisors,reinsurer,1.2757,0.3571,0.327,1.1475,1.0284,0.8747,3718,2019,3,strong,0
Heritage Insurance,general,1.1753,0.5808,0.1895,0.8479,0.6961,0.9596,6278,2021,1,adequate,0
CABS Insurance,general,1.1487,0.9777,-0.1269,0.5938,1.2149,0.7093,4204,2018,1,watch,0
Old Mutual Zimbabwe,reinsurer,1.2425,1.0245,0.0374,0.8174,1.1502,0.7394,13835,2023,1,adequate,0
RM Life Zimbabwe,composite,1.9842,0.7691,0.3148,0.8806,1.1315,0.6822,2889,2019,4,adequate,0
Old Mutual Zimbabwe,general,1.8382,0.1713,0.0786,0.9211,1.1598,0.8667,3467,2021,2,strong,0
Zimnat Life Assurance,life,1.4558,0.718,-0.0467,0.7321,1.0334,0.8208,684,2022,1,adequate,0
Nicoz Diamond Insurance,composite,1.269,0.271,0.0095,0.8334,1.7127,0.5177,382,2023,2,strong,0
Heritage Insurance,life,0.8067,0.1042,-0.4,0.8895,1.5296,0.7099,3114,2023,1,strong,0
Zimnat Life Assurance,general,1.5797,0.7814,0.0419,0.8369,1.821,0.8934,10680,2020,3,adequate,0
First Mutual Life,reinsurer,1.0029,0.7463,0.0942,1.0393,1.1428,0.8021,2864,2020,4,adequate,0
Heritage Life Assurance,composite,1.4496,0.1,0.4096,0.727,1.5236,0.7744,5384,2021,3,strong,0
Tristar Insurance,general,2.0654,0.3966,0.208,0.9675,1.6308,0.7245,12731,2018,2,strong,0
Heritage Life Assurance,reinsurer,1.4192,0.6885,0.0631,1.2909,1.5099,0.5365,7220,2024,3,strong,0
CBZ Life,general,1.1442,0.5682,0.0133,0.9601,1.2573,0.8143,3942,2020,3,adequate,0
First Mutual Life,general,2.0563,0.5289,0.229,0.8355,1.27,0.6441,9931,2024,1,strong,0
Tristar Insurance,reinsurer,2.0624,1.0302,-0.2067,0.8866,1.368,0.9059,8379,2023,4,adequate,0
Old Mutual Life Assurance Zimbabwe,reinsurer,1.4946,0.834,0.1204,0.9701,1.3498,0.7938,7737,2018,2,adequate,0
ZB Bank Insurance,general,0.9908,0.4403,0.1994,0.8295,1.2609,0.9843,1534,2018,1,adequate,0
Tristar Insurance,composite,1.5796,0.4101,0.0997,0.6272,1.458,0.504,19785,2024,1,strong,0
Old Mutual Life Assurance Zimbabwe,reinsurer,1.2702,0.7141,0.1366,0.6705,1.4058,0.9301,7437,2023,3,adequate,0
FBC Insurance,reinsurer,1.2739,0.7293,0.2628,0.9159,1.6818,0.5061,3688,2020,4,adequate,0
ZB Life Assurance,general,1.3212,0.9944,-0.1909,0.9659,1.2804,0.6554,4291,2019,3,adequate,0
First Mutual Life,composite,1.4531,0.3618,0.3601,0.8517,1.4921,0.7243,11263,2021,3,strong,0
Heritage Insurance,life,1.7532,0.8461,0.3128,0.6775,1.7313,0.6891,1776,2020,3,adequate,0
Nicoz Diamond Insurance,reinsurer,1.3642,0.7999,-0.0278,0.7967,1.2144,0.5098,3167,2018,4,adequate,0
Moonlight Insurance,life,0.9653,0.6646,0.1649,0.8654,1.5305,0.6802,5238,2024,3,adequate,0
Fidelity Life Assurance,reinsurer,1.5045,0.3032,-0.0624,0.9304,1.4449,0.5427,4571,2024,1,strong,0
Old Mutual Life Assurance Zimbabwe,composite,1.7647,0.4845,0.0693,0.7858,1.1041,0.5515,3634,2018,3,strong,0
Nicoz Diamond Insurance,general,1.5656,0.7871,0.3003,0.8041,1.3295,0.8855,11361,2024,4,adequate,0
Minerva Risk Advisors,reinsurer,2.2733,0.6538,0.0448,0.7536,1.3798,0.6983,10880,2023,3,adequate,0
Tristar Insurance,composite,1.4549,0.9083,0.0695,0.8926,1.0419,0.601,1537,2018,2,adequate,0
RM Insurance,life,1.4758,0.3178,-0.0448,0.886,1.16,0.6121,5187,2020,4,strong,0
RM Insurance,composite,1.683,0.8636,0.0244,1.0203,0.7006,0.5073,915,2023,3,adequate,0
Fidelity Life Zimbabwe,general,2.2415,0.5769,-0.0523,0.8828,1.4914,0.7964,10855,2020,3,strong,0
Heritage Insurance,general,1.3892,0.4143,0.1229,1.1167,0.9297,0.8773,11136,2024,4,strong,0
Zimnat Life Assurance,general,1.1472,0.6142,-0.1585,0.9965,1.633,0.5631,3523,2021,2,adequate,0
RM Insurance,reinsurer,1.6502,0.667,-0.0517,0.7604,1.4506,0.6251,5367,2023,1,adequate,0
Heritage Insurance,composite,1.753,0.4671,-0.0472,0.9085,1.5212,0.8458,3840,2022,4,strong,0
FBC Insurance,life,1.8145,0.9587,0.2054,0.8978,1.4454,0.6815,5961,2022,1,adequate,0
First Mutual Life,general,1.6992,0.7676,0.0476,0.9887,1.5022,0.8544,8280,2021,1,strong,0
Alliance Insurance,life,1.1644,0.3128,0.18,0.9998,1.1486,0.9446,5611,2021,3,strong,0
Minerva Risk Advisors,reinsurer,1.9489,0.7747,-0.2942,0.5831,1.0461,0.9734,2524,2024,4,adequate,1
Nicoz Diamond Insurance,general,0.5423,1.1161,0.3033,0.8712,1.2091,0.6596,1739,2020,1,watch,1
ZB Bank Insurance,reinsurer,1.9674,0.4673,-0.1895,0.6835,0.6387,0.8797,1839,2021,3,adequate,0
Tristar Insurance,composite,0.9496,0.6179,0.2366,1.0197,1.1596,0.6009,7436,2023,4,adequate,0
Old Mutual Zimbabwe,reinsurer,1.3786,0.7004,0.2017,1.047,1.5186,0.5654,32812,2024,1,strong,0
Heritage Life Assurance,general,1.4243,0.6737,0.0812,0.9879,1.0881,0.9646,1404,2024,2,adequate,0
Old Mutual Life Assurance Zimbabwe,composite,1.4489,0.4495,0.1961,0.6956,1.7598,0.9071,18067,2019,1,strong,0
ZB Bank Insurance,general,1.5527,0.5657,0.3291,0.8548,1.5259,0.6808,3088,2023,2,strong,0
Fidelity Life Assurance,life,1.4147,0.7419,0.1245,0.7696,1.4604,0.9205,3334,2021,3,adequate,0
NicozDiamond Brokers,life,1.3566,0.521,-0.0883,1.0487,0.7865,0.7142,2848,2023,1,adequate,0
Nicoz Diamond Insurance,general,1.1419,0.8841,0.4141,0.8468,1.3506,0.8145,17966,2019,1,adequate,0
FBC Insurance,life,1.7744,0.5206,-0.0687,0.9877,1.284,0.675,3928,2022,3,strong,0
Cell Insurance,reinsurer,1.1083,1.0272,0.4318,1.1647,1.1146,0.649,1211,2021,4,adequate,0
Heritage Insurance,reinsurer,1.2543,0.7486,0.2564,0.7959,1.7212,0.8576,3719,2018,2,adequate,0
RM Insurance,reinsurer,1.6015,0.3976,0.4109,1.1627,1.8472,0.7438,7096,2022,1,strong,0
CBZ Life,life,1.721,0.5638,-0.0256,0.7843,1.3177,0.5137,3774,2021,3,strong,0
CBZ Life,general,1.5864,0.6688,-0.0653,0.9936,1.8899,0.6313,1535,2020,3,strong,0
CBZ Life,reinsurer,1.183,1.0111,0.0107,0.8282,1.2113,0.5504,12224,2022,3,adequate,0
Tristar Insurance,composite,2.3577,0.8142,-0.1007,0.6192,0.9882,0.8141,834,2023,4,adequate,0
Heritage Insurance,general,1.1833,0.8365,-0.0187,1.0648,1.4159,0.6312,10084,2019,3,adequate,0
First Mutual Health,life,1.5723,0.7013,-0.2989,0.6404,1.5564,0.6694,6903,2018,1,adequate,0
Sanctuary Insurance,life,0.9393,0.5929,-0.2657,0.423,0.8563,0.8097,1920,2022,2,watch,1
Cell Insurance,life,1.1864,0.6885,-0.1895,0.9686,1.4388,0.6047,24499,2022,1,adequate,0
First Mutual Life,composite,1.7782,0.8639,-0.0273,0.8505,2.0355,0.5716,6451,2024,2,adequate,0
Sanctuary Insurance,general,1.3147,0.3906,-0.0441,0.9428,1.3692,0.8707,2636,2018,3,strong,0
Cell Insurance,composite,1.2647,0.8582,-0.3395,0.544,1.3496,0.9883,3157,2022,4,adequate,1
Moonlight Insurance,general,1.4866,0.8129,0.2763,0.8901,0.8915,0.5802,1420,2022,2,adequate,0
Zimnat Life Assurance,life,2.3851,0.7697,0.1784,0.9632,1.453,0.661,5908,2018,2,strong,0
Moonlight Insurance,composite,1.6082,0.7438,0.195,1.0138,1.6333,0.5225,10431,2021,3,strong,0
CBZ Life,life,1.4716,0.3885,0.1791,1.0027,1.3809,0.7596,7071,2018,3,strong,0
First Mutual Health,general,1.3901,0.1776,0.0226,0.7677,1.1838,0.7616,9878,2021,4,strong,0
CABS Insurance,reinsurer,1.6819,0.6601,0.0643,0.8339,1.0239,0.9251,1662,2018,2,adequate,0
Fidelity Life Zimbabwe,composite,1.8055,0.3121,-0.0571,0.806,1.3759,0.6517,7754,2019,3,strong,0
First Mutual Life,reinsurer,2.1771,0.7596,0.1311,0.7642,0.736,0.7638,8021,2022,2,adequate,0
Minerva Risk Advisors,reinsurer,1.6959,0.6007,0.2894,0.8341,1.5813,0.8588,3420,2021,1,strong,0
Nicoz Diamond Insurance,life,1.1867,0.5488,0.2842,0.7792,1.1696,0.6101,3298,2023,2,adequate,0
Fidelity Life Zimbabwe,life,1.3554,0.9168,-0.081,0.8405,1.0442,0.5464,3943,2024,2,adequate,0
FBC Insurance,life,1.0774,0.2862,-0.0627,0.8918,1.1198,0.9883,3954,2022,2,strong,0
CBZ Life,life,1.811,0.5318,0.1848,0.9642,0.9554,0.5936,11444,2024,2,strong,0
Cell Insurance,general,1.4495,0.657,-0.0919,1.0261,1.4596,0.8161,2445,2020,1,strong,0
Moonlight Insurance,general,1.254,0.972,0.0975,0.7159,1.0009,0.9821,19376,2020,3,watch,0
Old Mutual Zimbabwe,composite,1.3692,0.8208,0.0573,0.7254,1.2391,0.9051,1940,2024,4,adequate,0
First Mutual Life,reinsurer,1.7848,0.6302,0.2967,1.1615,1.6849,0.6069,3172,2020,3,strong,0
Nicoz Diamond Insurance,reinsurer,0.8429,0.7666,0.0495,1.1562,0.8707,0.8699,1588,2024,3,adequate,0
Old Mutual Zimbabwe,composite,1.9488,0.304,0.4345,0.6426,1.7329,0.5965,3147,2020,1,strong,0
CABS Insurance,reinsurer,1.6204,0.8582,0.3067,0.8621,0.9831,0.8367,5284,2024,2,adequate,0
Cell Insurance,composite,1.3876,0.789,0.0978,1.031,1.9362,0.5506,5791,2022,2,adequate,0
Old Mutual Life Assurance Zimbabwe,life,1.4284,0.6571,0.0742,0.9614,1.3284,0.6364,3813,2020,3,strong,0
Heritage Insurance,composite,1.4999,0.8989,0.2113,1.059,1.2103,0.8509,1138,2018,3,adequate,0
RM Life Zimbabwe,composite,2.1578,0.5293,-0.1396,0.8359,0.4891,0.7405,997,2019,2,adequate,0
ZB Life Assurance,reinsurer,1.0258,0.473,0.1375,0.6847,1.3389,0.7609,13865,2020,2,adequate,0
Zimnat General Insurance,reinsurer,1.0045,0.3538,0.1298,0.6774,1.1565,0.605,9023,2023,3,adequate,0
Fidelity Life Zimbabwe,reinsurer,0.5623,0.3963,0.1536,1.0687,1.5916,0.8958,3023,2021,1,adequate,1
RM Life Zimbabwe,life,1.527,0.3727,-0.0199,0.8718,1.3191,0.6124,1034,2024,3,strong,0
Fidelity Life Assurance,reinsurer,1.1121,0.5117,-0.3665,0.7305,1.6199,0.685,3407,2020,3,adequate,0
First Mutual Life,reinsurer,1.4304,0.3237,-0.1507,0.8845,1.1651,0.8395,4972,2020,1,strong,0
Zimnat Life Assurance,composite,1.9343,0.7697,-0.0074,0.765,0.887,0.8658,8667,2020,4,adequate,0
RM Life Zimbabwe,reinsurer,1.2077,0.3671,0.0607,0.8646,1.2595,0.543,34194,2021,2,strong,0
CBZ Life,life,1.6058,0.5458,0.1149,0.9365,1.0603,0.7114,11984,2024,3,strong,0
Zimnat Life Assurance,reinsurer,1.3066,0.6737,-0.0389,0.8094,1.2036,0.5287,4525,2018,3,adequate,0
First Mutual Life,reinsurer,1.3541,0.4184,0.0893,1.0944,1.327,0.7206,7999,2018,2,strong,0
Moonlight Insurance,composite,1.2779,0.8998,-0.0218,1.0449,1.4386,0.8109,27610,2022,2,adequate,0
Heritage Life Assurance,general,1.7548,0.5392,0.1031,0.6493,1.4434,0.9531,6526,2022,4,strong,0
RM Life Zimbabwe,life,1.6813,0.1446,0.1568,0.8958,1.5779,0.5767,3186,2023,3,strong,0
Heritage Insurance,reinsurer,0.8473,0.5137,0.0353,0.9458,0.8804,0.6624,3020,2018,3,adequate,0
Heritage Life Assurance,composite,1.8907,0.2275,-0.0495,0.7759,0.9672,0.908,3362,2019,2,strong,0
CBZ Life,reinsurer,0.9415,0.8141,0.1318,1.0473,1.3099,0.5163,585,2018,4,adequate,1
FBC Insurance,composite,1.2174,0.448,0.1322,1.2289,1.7049,0.9484,2799,2024,4,strong,0
ZB Bank Insurance,general,1.6319,0.304,0.1581,0.8339,1.033,0.6259,6158,2024,4,strong,0
Fidelity Life Assurance,reinsurer,1.4264,0.8185,-0.2988,0.8491,1.1093,0.5858,1405,2019,4,adequate,0
Alliance Insurance,general,1.2252,0.5154,0.1844,0.6522,0.8348,0.7039,3630,2018,2,adequate,0
First Mutual Health,general,1.0816,0.9421,0.2456,0.5902,0.8077,0.608,3582,2023,2,watch,0
Alliance Insurance,general,0.8712,1.1143,0.0818,0.7869,1.0883,0.911,1364,2022,4,watch,1
FBC Insurance,composite,1.8444,0.4694,0.4221,0.6642,1.3758,0.644,5610,2018,3,strong,0
NicozDiamond Brokers,reinsurer,0.9868,0.4322,0.0855,0.7172,1.4016,0.7992,12601,2020,3,adequate,0
CABS Insurance,composite,1.1022,0.5729,-0.0574,0.6731,0.9517,0.786,6702,2023,4,adequate,0
Old Mutual Life Assurance Zimbabwe,general,1.8291,0.926,0.1246,0.8944,1.196,0.8511,6310,2018,4,adequate,0
Nicoz Diamond Insurance,reinsurer,1.0175,0.7,0.1944,0.9827,1.1396,0.7031,5230,2024,1,adequate,0
Zimnat Life Assurance,reinsurer,1.4616,0.1,0.2333,0.8442,0.9476,0.8449,21289,2020,2,strong,0
Zimnat General Insurance,life,1.035,0.5379,0.1133,0.9033,1.366,0.5962,3417,2023,1,adequate,0
Heritage Life Assurance,general,1.5339,0.7991,-0.0259,1.0389,0.9951,0.9993,2812,2019,1,adequate,0
ZB Life Assurance,composite,1.3176,0.7126,0.043,0.7375,1.1483,0.7279,1130,2020,3,adequate,0
Heritage Insurance,life,1.7635,0.1871,0.3162,0.8327,0.6696,0.9994,498,2020,3,strong,0
FBC Insurance,reinsurer,0.7882,0.4879,-0.0841,0.8094,1.5271,0.9991,1563,2024,4,adequate,0
CBZ Life,composite,1.7133,0.7681,0.1055,0.8204,1.1503,0.6682,6305,2023,4,adequate,0
Moonlight Insurance,life,1.0516,0.7319,0.2921,0.9099,1.9915,0.5284,3568,2024,1,adequate,0
ZB Bank Insurance,composite,1.0459,0.4679,0.0934,0.7513,1.0861,0.7454,4888,2023,2,adequate,0
ZB Bank Insurance,life,2.2549,0.6833,-0.1578,0.8129,1.3132,0.6078,5374,2023,1,adequate,0
Nicoz Diamond Insurance,reinsurer,1.3573,0.601,0.049,0.9572,0.8949,0.8614,22159,2019,3,adequate,0
Zimnat Life Assurance,general,1.6219,0.86,0.2405,0.6595,1.4708,0.7523,1929,2018,1,adequate,0
Zimnat General Insurance,life,1.2138,0.7091,0.2625,0.9315,1.4259,0.9431,6845,2021,4,adequate,0
Moonlight Insurance,composite,1.6604,0.9998,0.0813,0.9053,1.3637,0.8298,3642,2020,2,adequate,0
Cell Insurance,general,1.7119,0.2996,0.2308,1.0024,1.4289,0.8758,1757,2021,3,strong,0
FBC Insurance,life,0.7927,0.3744,0.4147,0.9503,1.4474,0.9357,3792,2024,2,adequate,0
Sanctuary Insurance,reinsurer,1.3166,0.2726,0.2769,0.7903,1.1722,0.9382,2422,2019,1,strong,0
Alliance Insurance,composite,1.5896,0.5888,-0.1446,0.9864,1.7513,0.6043,4357,2022,1,strong,0
First Mutual Life,composite,0.8878,0.438,0.1311,0.9678,1.2692,0.9063,3651,2020,2,adequate,0
Heritage Life Assurance,general,1.462,0.8247,0.0937,0.9506,0.8118,0.9612,2531,2018,2,adequate,0
ZB Bank Insurance,composite,1.2705,0.5329,-0.1159,1.0595,1.2807,0.595,4318,2021,3,strong,0
Cell Insurance,reinsurer,1.6788,1.0374,-0.0525,0.8605,1.3664,0.9214,10998,2020,1,adequate,0
Fidelity Life Zimbabwe,general,1.2148,0.7813,0.4152,0.9704,1.1953,0.9681,1456,2021,4,adequate,0
ZB Bank Insurance,general,1.5647,0.5682,-0.1309,0.79,1.1841,0.5732,3069,2018,3,strong,0
Alliance Insurance,composite,1.7662,0.924,-0.1913,0.5795,1.4722,0.7058,9043,2020,3,adequate,0
Old Mutual Life Assurance Zimbabwe,reinsurer,1.1677,0.6108,-0.2781,0.9351,1.2737,0.597,1962,2019,3,adequate,0
Moonlight Insurance,life,1.2341,0.8052,0.5168,0.7574,1.3394,0.9107,18775,2024,4,adequate,0
RM Life Zimbabwe,general,1.5329,0.6204,0.1455,0.8676,0.7844,0.9939,10048,2018,1,adequate,0
Tristar Insurance,composite,0.5378,1.0323,0.1167,0.7969,1.2285,0.6115,1312,2018,2,watch,1
FBC Insurance,reinsurer,1.3831,0.5834,0.0222,1.1227,1.1847,0.9413,7563,2018,3,strong,0
Heritage Insurance,composite,1.2681,0.554,0.2137,0.871,1.1517,0.5135,3542,2022,3,adequate,0
Alliance Insurance,general,1.7166,0.6277,0.3663,0.9363,1.5734,0.6529,2315,2023,4,strong,0
Sanctuary Insurance,reinsurer,0.8842,0.7748,0.1391,1.0548,1.162,0.7207,4965,2024,1,adequate,0
CABS Insurance,life,1.8439,0.6936,-0.0152,1.0516,1.3181,0.8255,4043,2021,1,strong,0
First Mutual Health,composite,1.4291,0.7077,0.2415,0.8448,1.4986,0.728,22258,2024,4,adequate,0
RM Life Zimbabwe,life,0.8015,0.9103,0.0322,0.9292,1.0617,0.8671,10440,2022,2,watch,0
Fidelity Life Zimbabwe,life,1.8709,0.6336,0.0805,0.9594,1.249,0.53,2979,2020,2,strong,0
CBZ Life,composite,2.3385,0.9097,0.2724,0.998,1.0869,0.6114,1785,2022,1,adequate,0
Old Mutual Zimbabwe,composite,1.1718,0.9796,-0.3772,0.4871,0.8206,0.5932,11177,2019,4,watch,1
Fidelity Life Zimbabwe,general,1.8126,0.4951,0.0196,0.7221,1.2718,0.6667,9490,2021,2,strong,0
FBC Insurance,composite,1.0818,0.7328,0.108,0.9549,1.7429,0.5777,7532,2019,4,adequate,0
Zimnat General Insurance,life,1.6411,0.5269,-0.2763,0.4963,1.1302,0.8208,3723,2022,4,adequate,0
Cell Insurance,reinsurer,1.2642,0.9919,0.1253,0.6693,1.5868,0.5081,1850,2021,3,adequate,0
ZB Life Assurance,composite,2.0186,0.5301,-0.1452,0.7736,1.1842,0.602,3593,2024,2,strong,0
Tristar Insurance,composite,1.6437,0.9485,-0.0075,0.9324,1.526,0.858,5947,2018,4,adequate,0
Fidelity Life Zimbabwe,composite,1.1106,0.8097,0.1233,0.805,0.8036,0.9286,1580,2018,3,adequate,0
ZB Bank Insurance,reinsurer,1.188,0.4324,-0.37,0.4739,1.0486,0.6806,2725,2023,1,adequate,1
Fidelity Life Zimbabwe,general,1.2363,0.5863,0.3079,1.0125,1.1583,0.6743,5378,2023,4,adequate,0
Old Mutual Life Assurance Zimbabwe,life,1.5735,0.7506,0.0693,0.7706,1.1257,0.72,4510,2022,1,adequate,0
FBC Insurance,life,0.9593,0.552,-0.3662,0.9652,1.2016,0.8626,5200,2018,4,adequate,0
Cell Insurance,life,1.166,0.8365,-0.124,0.9753,1.2376,0.7871,3366,2023,4,adequate,0
CABS Insurance,reinsurer,1.8926,0.1659,0.1151,0.8473,1.1349,0.633,3677,2021,2,strong,0
NicozDiamond Brokers,reinsurer,1.2192,0.9367,-0.05,0.7908,1.2531,0.9375,5538,2021,3,adequate,0
Tristar Insurance,composite,1.3298,0.5466,0.0584,1.087,1.6129,0.8939,17802,2023,4,strong,0
RM Insurance,general,1.8204,0.5668,0.2739,0.9443,1.0852,0.5784,6730,2022,3,strong,0
Tristar Insurance,composite,1.5579,0.5537,0.1129,1.1959,1.6222,0.6611,2084,2022,2,strong,0
NicozDiamond Brokers,composite,1.8379,0.6949,0.1022,0.8094,1.118,0.8647,1327,2021,2,adequate,0
RM Life Zimbabwe,life,1.5007,0.4372,-0.0574,0.7564,1.8421,0.7162,4929,2020,2,strong,0
Fidelity Life Assurance,general,0.5566,0.4824,0.4113,0.776,1.2159,0.9203,1380,2018,3,adequate,1
Moonlight Insurance,general,0.9078,0.2149,-0.1431,0.5731,0.9201,0.7897,3107,2024,4,adequate,0
Alliance Insurance,life,1.9008,0.4929,-0.2272,0.8112,1.5046,0.5432,5452,2020,3,strong,0
Minerva Risk Advisors,life,1.1434,0.6008,0.1546,0.9668,1.2764,0.8183,3658,2018,4,adequate,0
Moonlight Insurance,composite,1.5398,0.7316,0.3516,1.0251,1.1537,0.7502,5261,2018,4,adequate,0
NicozDiamond Brokers,general,2.1519,0.1984,0.2349,0.9111,1.7238,0.7288,10515,2021,4,strong,0
NicozDiamond Brokers,composite,1.333,1.0599,-0.278,0.731,0.7185,0.7297,6329,2021,2,watch,0
First Mutual Health,reinsurer,1.0964,0.6864,0.0597,0.8947,1.1955,0.9887,26758,2021,2,adequate,0
Sanctuary Insurance,general,0.9254,0.9762,-0.0242,0.9822,1.5767,0.7855,4782,2019,3,adequate,0
Heritage Insurance,life,1.363,0.812,0.1744,0.6431,1.0008,0.969,7069,2021,3,adequate,0
Sanctuary Insurance,general,1.6079,0.7126,0.2165,0.9045,1.5421,0.8415,4904,2019,2,strong,0
Nicoz Diamond Insurance,life,1.2705,1.0652,0.0582,0.725,1.3285,0.91,3098,2023,1,adequate,0
Heritage Life Assurance,composite,0.9663,0.8719,0.3344,0.9726,1.994,0.9628,2038,2021,2,adequate,0
Moonlight Insurance,general,1.5339,0.9009,0.162,1.0639,0.5894,0.6688,4022,2020,4,adequate,0
Zimnat General Insurance,composite,1.6203,0.4635,0.3966,0.8126,1.2235,0.9135,3920,2022,4,strong,0
First Mutual Health,general,1.7089,0.9739,0.2577,0.795,1.0607,0.7734,6092,2020,4,adequate,0
Heritage Life Assurance,reinsurer,1.3297,0.1656,0.1529,0.8088,0.9963,0.5521,6135,2023,1,strong,0
NicozDiamond Brokers,reinsurer,1.2062,0.8053,-0.0036,0.8533,1.4912,0.7116,19385,2020,1,adequate,0
Old Mutual Life Assurance Zimbabwe,life,1.8551,0.6262,0.0228,0.7499,1.2858,0.8887,3939,2019,3,adequate,0
ZB Bank Insurance,life,1.687,0.5603,-0.2383,0.9542,1.6362,0.9529,2620,2021,1,strong,0
CBZ Life,life,1.3788,0.8631,0.1857,0.8039,1.0721,0.8935,2893,2020,4,adequate,0
Sanctuary Insurance,life,1.8654,0.5407,0.1581,0.9482,1.2654,0.8896,3952,2018,1,strong,0
RM Insurance,composite,1.2641,0.9853,-0.0126,1.2055,1.7532,0.7211,5985,2020,3,adequate,0
Zimnat Life Assurance,general,0.7217,0.6438,0.1255,1.1198,0.7702,0.5584,1644,2019,3,adequate,1
Zimnat General Insurance,general,1.2537,0.7373,0.004,0.8156,0.947,0.9079,4723,2023,3,adequate,0
Sanctuary Insurance,life,1.563,0.6447,0.5139,0.7918,1.3694,0.5168,9674,2018,1,strong,0
FBC Insurance,general,1.4386,0.8135,0.1014,0.9277,1.0147,0.8213,2762,2022,3,adequate,0
Old Mutual Life Assurance Zimbabwe,general,0.5817,0.2501,0.2607,0.9356,0.9908,0.783,2950,2023,4,adequate,1
FBC Insurance,composite,1.5375,0.7265,0.2673,0.9498,2.031,0.588,7863,2018,4,strong,0
Sanctuary Insurance,composite,1.2371,0.2099,-0.1608,0.9768,1.8664,0.5643,4283,2024,1,strong,0
RM Life Zimbabwe,composite,1.8412,0.8239,-0.0212,0.7283,1.8177,0.826,7113,2018,1,adequate,0
Cell Insurance,life,0.7288,0.9766,-0.0244,0.7884,1.0322,0.5441,1926,2022,4,watch,1
Zimnat Life Assurance,life,1.5218,0.4504,-0.1199,0.9881,0.4,0.6114,1007,2023,1,strong,0
First Mutual Health,composite,0.7204,0.3314,0.4332,0.8736,1.536,0.9022,2981,2022,2,adequate,0
NicozDiamond Brokers,life,1.4528,1.0457,0.2106,0.9663,1.3767,0.7011,2360,2020,3,adequate,0
CBZ Life,reinsurer,1.1903,0.3451,-0.1268,0.8816,1.1275,0.7127,1702,2022,4,strong,0
RM Life Zimbabwe,life,1.5833,0.5872,0.3326,0.8289,1.2821,0.8047,6855,2024,4,strong,0
ZB Life Assurance,life,1.4367,0.6972,0.3013,0.7989,1.1775,0.9071,4180,2024,3,adequate,0
Minerva Risk Advisors,life,1.367,0.4633,0.0577,1.0398,1.3404,0.8772,5065,2024,2,strong,0
Moonlight Insurance,composite,1.5634,0.7416,0.3733,0.8828,1.303,0.512,4443,2024,3,adequate,0
Heritage Life Assurance,life,1.6091,0.3862,-0.299,0.5521,1.1975,0.991,1489,2024,3,strong,1
ZB Bank Insurance,general,1.8437,0.1518,-0.0596,0.9416,1.109,0.918,7884,2023,2,strong,0
Alliance Insurance,life,1.3607,0.4502,-0.0295,0.9738,1.1662,0.9688,3602,2022,1,strong,0
ZB Bank Insurance,life,1.3404,0.5658,0.0121,0.5925,0.9104,0.6645,832,2018,2,adequate,0
ZB Life Assurance,composite,0.9301,0.2053,-0.0625,0.5578,1.5358,0.7752,1797,2019,2,adequate,0
RM Insurance,reinsurer,1.4073,0.7669,0.1089,0.9149,1.3092,0.8625,7134,2018,1,adequate,0
RM Insurance,life,1.0918,0.4299,0.1442,1.0995,0.8934,0.5853,2144,2022,1,adequate,0
First Mutual Health,life,1.0892,0.8375,-0.1103,0.7222,1.2067,0.5434,8826,2024,3,adequate,0
Alliance Insurance,reinsurer,1.3284,0.3227,0.0312,0.877,1.0533,0.7775,14194,2018,3,strong,0
Cell Insurance,reinsurer,1.0497,0.5615,0.1064,0.9748,1.3039,0.8646,4913,2022,4,adequate,0
Moonlight Insurance,life,0.591,0.69,-0.215,0.6958,0.7462,0.545,2280,2021,3,watch,1
Heritage Life Assurance,reinsurer,0.9733,0.7492,0.0616,0.9528,0.8787,0.9182,3960,2022,2,adequate,0
Zimnat Life Assurance,general,1.374,0.3567,-0.0841,1.0037,1.5263,0.861,8170,2024,4,strong,0
CBZ Life,general,1.5164,0.853,0.1524,0.3,1.4522,0.6792,911,2024,1,adequate,0
Alliance Insurance,general,1.0721,1.0472,0.3077,0.663,1.42,0.5575,4790,2022,2,watch,0
CABS Insurance,life,1.6608,0.7716,0.1732,0.8184,1.2609,0.8452,4800,2020,1,adequate,0
NicozDiamond Brokers,general,1.6806,0.5882,0.2175,0.9534,0.9294,0.9467,4526,2021,1,strong,0
Sanctuary Insurance,life,2.3496,0.3278,0.2665,0.9509,1.2957,0.7772,4560,2020,3,strong,0
Moonlight Insurance,general,1.3552,0.8954,0.065,0.814,0.4,0.7431,11031,2024,1,adequate,0
Minerva Risk Advisors,life,1.1852,0.8739,0.5175,0.8068,1.2492,0.9299,12167,2018,4,adequate,0
FBC Insurance,composite,1.8325,0.9208,0.1699,0.7577,0.7792,0.9117,4758,2023,4,adequate,0
Moonlight Insurance,life,1.8495,0.6261,0.5431,0.7675,1.0978,0.5119,3040,2022,3,adequate,0
Old Mutual Zimbabwe,composite,1.6628,0.9037,-0.0188,0.6813,1.3251,0.6052,6006,2019,1,adequate,0
FBC Insurance,life,1.5614,0.3815,0.3301,0.8414,1.2527,0.7768,11042,2024,2,strong,0
Cell Insurance,general,1.3281,0.6276,0.0382,0.9185,1.3033,0.7643,2160,2019,1,adequate,0
FBC Insurance,reinsurer,1.4514,0.3418,0.2346,0.9112,0.7787,0.8559,12405,2019,2,strong,0
CBZ Life,reinsurer,1.0495,1.0852,-0.0644,0.843,1.7423,0.9476,3948,2018,3,adequate,0
Tristar Insurance,life,1.172,0.6163,0.2765,0.7102,1.3165,0.6365,4158,2021,2,adequate,0
Heritage Life Assurance,general,1.3189,0.3752,0.0966,0.6995,0.94,0.6139,1916,2021,4,adequate,0
CBZ Life,composite,0.5239,0.5221,-0.0932,0.8347,0.5856,0.5826,1460,2019,4,watch,1
Heritage Insurance,life,1.6109,0.8443,0.2259,0.7994,0.7224,0.5672,12043,2023,1,adequate,0
First Mutual Life,reinsurer,1.5552,0.7049,0.0872,0.7704,1.2748,0.6302,2334,2024,1,adequate,0
First Mutual Health,reinsurer,1.6189,0.603,0.1629,1.1827,1.3032,0.8516,5186,2022,1,strong,0
Tristar Insurance,general,1.5119,0.9574,0.2629,1.2148,1.4679,0.8812,3185,2022,1,adequate,0
Minerva Risk Advisors,composite,1.5069,0.6391,0.0915,0.6285,0.5537,0.5331,3334,2024,1,adequate,0
Old Mutual Zimbabwe,general,2.1996,0.7732,0.2832,0.8629,0.998,0.6135,7572,2018,1,adequate,0
Tristar Insurance,general,0.7655,1.1163,-0.2334,0.9816,1.8443,0.9013,1449,2023,4,watch,1
ZB Life Assurance,reinsurer,2.1434,0.7684,-0.0785,0.9325,1.5039,0.9602,3200,2020,4,strong,0
Fidelity Life Zimbabwe,composite,1.2955,0.4891,0.1729,0.9527,1.4612,0.8426,3154,2022,2,strong,0
Fidelity Life Zimbabwe,reinsurer,1.5512,0.8185,-0.035,0.8387,1.6985,0.8342,9763,2023,4,adequate,0
Old Mutual Zimbabwe,reinsurer,1.5117,0.8437,0.0918,1.1001,0.7772,0.6568,8329,2020,1,adequate,0
RM Life Zimbabwe,general,1.9198,0.7742,0.0411,0.8952,1.3188,0.84,9404,2021,3,adequate,0
Old Mutual Life Assurance Zimbabwe,general,1.4585,0.7367,-0.3154,0.3491,0.7652,0.6934,1270,2024,2,adequate,1
ZB Bank Insurance,composite,1.5467,0.5692,0.1049,0.994,1.3188,0.5145,2560,2022,1,strong,0
Alliance Insurance,life,1.6462,0.4934,0.1689,0.7931,0.847,0.8747,6256,2021,3,adequate,0
NicozDiamond Brokers,life,1.41,0.4147,0.1214,0.8797,1.4946,0.5865,8304,2023,4,strong,0
NicozDiamond Brokers,life,1.8639,0.7097,0.205,0.9184,1.4455,0.813,6784,2023,1,strong,0
Moonlight Insurance,general,1.6068,0.8031,0.0236,0.6998,1.7633,0.8912,2434,2024,1,adequate,0
CABS Insurance,composite,0.8638,0.5853,-0.2718,1.1404,1.0887,0.6781,9231,2022,1,adequate,0
Tristar Insurance,composite,1.9778,0.8532,0.1965,0.831,0.844,0.8885,5085,2021,4,adequate,0
Old Mutual Zimbabwe,composite,1.4171,0.8927,-0.4,0.7894,0.9046,0.6115,3162,2021,1,adequate,0
Heritage Insurance,reinsurer,0.9536,0.9551,-0.1065,0.8122,1.4408,0.671,3304,2019,4,watch,0
Zimnat General Insurance,composite,1.6854,0.5894,0.2688,1.3612,0.568,0.941,1059,2023,2,adequate,0
NicozDiamond Brokers,composite,1.8921,0.5691,-0.2962,0.311,1.5961,0.8054,2412,2023,1,adequate,1
RM Insurance,reinsurer,1.8784,0.4146,0.1906,0.9486,1.1293,0.6747,50000,2023,4,strong,0
Nicoz Diamond Insurance,life,0.6758,1.1147,0.0152,0.7544,1.4862,0.6385,3832,2019,4,watch,1
RM Insurance,life,1.6999,0.3243,0.1367,0.9644,1.2553,0.8474,3040,2020,1,strong,0
Moonlight Insurance,general,1.3849,0.4976,0.0687,0.9723,0.8142,0.7309,15058,2019,4,adequate,0
CBZ Life,general,0.9254,0.856,-0.1192,0.9836,1.5674,0.655,1022,2023,2,adequate,0
Fidelity Life Zimbabwe,general,1.1818,0.423,0.3148,0.7689,1.5527,0.7982,10619,2018,3,strong,0
Cell Insurance,life,1.0249,0.3046,-0.3114,0.4553,1.6072,0.8209,1642,2019,1,adequate,1
Heritage Insurance,reinsurer,1.6954,0.6157,0.2017,0.9481,1.703,0.6735,10495,2024,1,strong,0
Heritage Life Assurance,reinsurer,1.4299,0.9106,-0.0317,0.6692,1.0987,0.9155,7143,2022,4,adequate,0
CABS Insurance,life,1.5275,0.3128,0.096,0.6603,0.9418,0.6829,8839,2024,2,strong,0
FBC Insurance,composite,1.5502,0.7476,-0.0364,0.9584,1.0834,0.5313,4602,2022,3,adequate,0
Moonlight Insurance,composite,1.699,0.8543,0.0197,0.8022,1.3893,0.5456,9943,2021,2,adequate,0
Zimnat General Insurance,life,1.1793,0.6264,0.2378,0.7984,0.6604,0.745,4535,2024,1,adequate,0
Fidelity Life Zimbabwe,life,1.3232,0.599,-0.2634,0.3893,1.4181,0.8098,2084,2019,2,adequate,1
Tristar Insurance,composite,1.6039,0.3646,0.0397,1.0197,0.8723,0.7921,4256,2023,2,strong,0
Sanctuary Insurance,general,1.4538,0.6092,0.0501,1.2432,1.2078,0.8983,3209,2021,1,strong,0
RM Life Zimbabwe,composite,1.8902,1.085,-0.3195,1.1005,1.3008,0.8469,2186,2022,1,adequate,0
Nicoz Diamond Insurance,composite,2.0438,0.711,0.2001,0.8505,1.2657,0.5862,1018,2019,4,adequate,0
Minerva Risk Advisors,life,1.2725,0.6309,-0.0653,0.7889,1.3864,0.5528,641,2023,2,adequate,0
Heritage Insurance,composite,1.5703,0.4055,0.204,0.7666,0.9536,0.7539,29672,2024,3,strong,0
Zimnat Life Assurance,composite,1.4561,0.3893,0.1362,1.0237,1.3215,0.7888,3996,2024,2,strong,0
Minerva Risk Advisors,reinsurer,0.9891,0.3891,0.1498,0.855,1.495,0.7381,12249,2019,4,adequate,0
Zimnat Life Assurance,composite,1.3971,0.863,0.0503,0.7951,1.1969,0.6915,9166,2021,1,adequate,0
Nicoz Diamond Insurance,general,1.0285,0.4074,0.1864,0.9058,1.4087,0.9054,3701,2024,1,adequate,0
ZB Life Assurance,life,1.1336,0.946,-0.0933,0.8093,1.186,0.7534,3418,2020,4,adequate,0
NicozDiamond Brokers,reinsurer,1.1896,0.3168,0.1889,1.0671,2.0938,0.9648,2492,2022,2,strong,0
Old Mutual Life Assurance Zimbabwe,composite,1.3411,0.4327,0.2373,1.1112,0.7882,0.9903,3479,2022,1,strong,0
ZB Life Assurance,general,1.5019,0.2152,0.2869,1.114,1.0181,0.926,1393,2022,3,strong,0
Minerva Risk Advisors,reinsurer,1.3774,0.4729,0.1862,0.9885,1.0194,0.7104,758,2019,3,strong,0
RM Life Zimbabwe,life,1.5202,0.5044,0.0055,1.0717,0.8216,0.7918,4420,2022,2,strong,0
Tristar Insurance,reinsurer,1.3186,0.7025,0.0173,0.9377,0.7803,0.6244,3071,2018,2,adequate,0
First Mutual Health,reinsurer,1.3727,0.588,-0.12,0.7042,0.922,0.5689,12182,2020,3,adequate,0
Fidelity Life Zimbabwe,composite,2.1237,0.7442,-0.093,0.8697,1.007,0.8888,19453,2020,2,adequate,0
Fidelity Life Zimbabwe,life,1.8747,0.5965,0.0517,0.7368,1.2063,0.8477,2996,2020,3,adequate,0
Heritage Life Assurance,general,1.9814,0.2528,-0.1933,1.186,0.9495,0.8224,3806,2023,3,strong,0
Old Mutual Zimbabwe,general,1.4389,0.4951,-0.2372,0.7831,0.8136,0.5879,8162,2024,2,adequate,0
First Mutual Life,general,1.4122,0.6924,0.0284,0.7996,1.7113,0.5405,846,2021,2,adequate,0
Zimnat Life Assurance,composite,1.3186,0.6154,0.216,0.8917,0.8793,0.8962,5058,2022,4,adequate,0
Tristar Insurance,composite,1.7525,0.724,0.0345,0.6198,1.6519,0.6338,6744,2024,4,adequate,0
CABS Insurance,general,0.7654,0.6348,0.2807,0.7714,1.3911,0.579,3154,2020,4,adequate,1
Tristar Insurance,life,1.5573,0.2257,0.134,0.9756,1.9055,0.8991,1949,2023,3,strong,0
Sanctuary Insurance,composite,1.175,0.4167,0.0336,0.966,1.0569,0.7074,9775,2020,1,adequate,0
Fidelity Life Zimbabwe,composite,1.3702,0.8278,0.0531,0.9624,1.3101,0.8842,1414,2019,3,adequate,0
Minerva Risk Advisors,reinsurer,1.1764,0.3881,0.1306,0.8869,1.4589,0.8991,9328,2023,4,strong,0
ZB Life Assurance,life,1.3134,0.7771,0.4534,1.1028,0.7985,0.5393,6304,2018,1,adequate,0
Heritage Life Assurance,reinsurer,1.3853,0.555,0.0166,0.9598,1.3596,0.5771,6351,2023,1,strong,0
Zimnat General Insurance,general,0.861,0.4694,0.2228,0.8277,1.1113,0.6073,3861,2022,3,adequate,0
Heritage Life Assurance,general,1.1066,0.8575,-0.0679,0.8929,0.8958,0.5701,10495,2020,4,adequate,0
FBC Insurance,reinsurer,1.6557,0.4033,0.1818,0.6568,1.2989,0.8369,44428,2019,2,strong,0
Old Mutual Life Assurance Zimbabwe,life,1.0607,0.8133,-0.0207,0.795,1.4015,0.8283,1821,2020,3,adequate,0
ZB Life Assurance,general,1.8553,0.1,-0.2645,0.4695,1.445,0.8788,990,2018,3,strong,1
First Mutual Health,general,1.3881,0.4601,-0.0021,0.9456,1.4333,0.7145,8468,2020,1,strong,0
Alliance Insurance,composite,1.7899,0.7572,0.2171,0.775,1.1227,0.5625,1745,2024,1,adequate,0
First Mutual Life,general,1.8045,0.6718,-0.0499,0.9275,1.2208,0.6247,15843,2019,3,strong,0
Zimnat Life Assurance,composite,1.0586,0.9677,-0.3678,0.5177,1.5805,0.9641,2561,2022,3,watch,1
First Mutual Health,general,1.5543,0.373,0.1467,0.72,1.3875,0.7928,2903,2022,3,strong,0
Fidelity Life Zimbabwe,general,1.5253,0.7231,0.3074,1.1082,1.664,0.8834,2098,2023,2,strong,0
Old Mutual Zimbabwe,general,1.368,0.4606,0.2697,0.815,1.2381,0.8134,17365,2021,3,strong,0
NicozDiamond Brokers,life,2.153,0.8517,-0.0556,0.6628,0.912,0.5656,3562,2024,4,adequate,0
Tristar Insurance,life,1.0411,0.573,0.1336,1.1054,1.3115,0.8041,5294,2023,1,adequate,0
Fidelity Life Zimbabwe,general,1.8293,0.8237,0.2306,0.8148,1.1753,0.8032,2678,2021,4,adequate,0
Fidelity Life Zimbabwe,life,1.0252,0.791,0.0411,0.9659,1.1067,0.9338,1533,2022,1,adequate,0
Moonlight Insurance,reinsurer,1.9881,0.7255,0.3439,0.7575,1.2373,0.7556,2044,2024,2,adequate,0
Heritage Life Assurance,composite,0.9994,0.1069,0.0137,0.9312,1.7686,0.6552,3698,2018,2,strong,0
RM Insurance,composite,1.5327,0.316,-0.1743,0.6827,0.8357,0.74,23457,2020,3,strong,0
ZB Bank Insurance,general,0.9409,0.3347,0.2846,1.0773,1.6098,0.9094,1963,2024,1,strong,0
Fidelity Life Assurance,general,1.9516,0.6844,-0.0603,0.9445,0.9945,0.7471,7345,2020,4,adequate,0
CBZ Life,life,1.8792,0.709,0.2834,0.9721,1.4295,0.8361,1870,2020,2,strong,0
Heritage Life Assurance,general,1.5582,0.8758,-0.0185,0.8726,1.6542,0.7858,6440,2020,1,adequate,0
Alliance Insurance,reinsurer,1.1389,0.6318,0.242,0.9909,1.2021,0.9637,6978,2019,2,adequate,0
Zimnat General Insurance,life,1.2222,0.4462,0.1122,0.971,0.9878,0.503,3635,2022,4,adequate,0
ZB Life Assurance,life,1.3193,1.0685,0.0581,0.8097,1.8533,0.7686,8044,2020,1,adequate,0
Alliance Insurance,composite,1.9932,0.5527,0.2681,0.8902,1.1264,0.9664,3922,2023,1,strong,0
Old Mutual Zimbabwe,life,1.2752,0.2354,0.0514,0.9655,1.4113,0.8248,1874,2023,3,strong,0
Old Mutual Life Assurance Zimbabwe,life,1.2102,0.7777,-0.011,0.8797,1.1172,0.7848,3825,2022,3,adequate,0
Zimnat Life Assurance,life,1.4214,0.6437,0.0978,1.0196,1.7893,0.9942,3342,2023,3,strong,0
Zimnat Life Assurance,composite,0.9587,0.4431,0.0826,0.7401,1.4717,0.5795,4993,2018,2,adequate,1
CBZ Life,life,1.6503,0.7902,0.3585,0.6578,0.9767,0.6856,3616,2021,3,adequate,0
Old Mutual Zimbabwe,general,1.1583,0.5923,0.0272,1.1706,1.5818,0.7862,5943,2018,4,adequate,0
NicozDiamond Brokers,reinsurer,1.3759,0.3116,-0.1872,0.951,1.1158,0.9487,2433,2022,3,strong,0
Heritage Life Assurance,composite,2.1233,0.2643,0.4066,0.8808,1.7846,0.6531,5753,2019,2,strong,0
Zimnat Life Assurance,general,1.4114,0.8777,0.1817,1.1237,1.3069,0.7838,911,2021,4,adequate,0
Nicoz Diamond Insurance,reinsurer,1.0459,0.8568,-0.2747,0.7877,1.4079,0.8389,4862,2024,4,adequate,0
ZB Bank Insurance,reinsurer,1.5797,0.5248,-0.0631,0.8438,1.8112,0.6298,1801,2024,2,strong,0
Old Mutual Zimbabwe,composite,1.2146,0.6956,0.0941,0.8555,1.1612,0.8993,5417,2019,3,adequate,0
Heritage Insurance,composite,1.0779,0.5271,0.3458,0.9358,1.5274,0.9486,3069,2024,3,adequate,0
First Mutual Life,life,1.3259,0.4833,-0.0565,0.9195,1.2628,0.9435,5197,2020,3,strong,0
Moonlight Insurance,life,0.942,0.3854,0.0491,1.0082,0.8521,0.7474,6889,2022,4,adequate,0
Nicoz Diamond Insurance,life,2.0103,0.3637,0.1977,0.8444,1.4645,0.7405,1582,2022,3,strong,0
Minerva Risk Advisors,life,1.323,0.744,-0.0684,0.9351,1.8285,0.6378,9254,2024,3,adequate,0
FBC Insurance,life,0.8768,0.9075,0.1748,1.1822,1.5636,0.9019,13348,2022,2,adequate,0
Heritage Insurance,general,0.6433,0.3591,-0.1822,0.7324,1.3497,0.9005,636,2021,2,adequate,1
NicozDiamond Brokers,composite,1.2031,0.6688,0.2662,1.0708,1.3349,0.9501,9204,2023,4,adequate,0
Alliance Insurance,composite,1.0011,0.8815,0.0007,0.8848,1.3307,0.8386,6559,2018,4,adequate,0
Cell Insurance,reinsurer,1.3575,0.8219,0.1624,0.766,1.2977,0.6685,6299,2023,2,adequate,0
Old Mutual Zimbabwe,reinsurer,1.9297,0.562,0.371,0.8997,0.9493,0.8195,4373,2020,1,strong,0
First Mutual Health,life,1.6023,0.1,0.0256,1.1631,1.2447,0.8578,3216,2018,4,strong,0
First Mutual Health,reinsurer,1.5798,0.2421,0.2432,0.8048,0.9593,0.705,2078,2019,1,strong,0
Minerva Risk Advisors,composite,1.1678,0.2678,0.2537,0.8932,1.3676,0.8938,4182,2020,3,strong,0
Sanctuary Insurance,general,1.1758,1.0587,0.3553,0.8897,1.4217,0.7359,2617,2024,4,adequate,0
Moonlight Insurance,composite,1.7682,0.3278,0.2551,0.9452,1.1167,0.7132,11839,2018,3,strong,0
NicozDiamond Brokers,life,1.0824,0.6138,0.323,0.9878,1.2243,0.9809,1562,2020,3,adequate,0
Nicoz Diamond Insurance,composite,0.9157,0.52,0.4441,0.7579,1.408,0.7652,6136,2019,2,adequate,0
Cell Insurance,composite,1.1788,0.4109,0.3739,1.0713,1.2246,0.5913,4166,2018,3,strong,0
Minerva Risk Advisors,general,1.253,0.7461,-0.0663,0.9939,1.076,0.7443,4724,2021,4,adequate,0
Alliance Insurance,composite,1.3202,0.8149,-0.135,0.7203,0.7015,0.6501,19129,2021,4,adequate,0
ZB Life Assurance,reinsurer,0.5005,0.7359,0.0506,0.8972,1.3513,0.6929,3699,2024,1,watch,1
RM Insurance,composite,1.901,0.6863,0.3894,0.5321,0.6495,0.6042,4552,2023,2,adequate,0
Minerva Risk Advisors,life,1.3247,1.0023,-0.1073,0.9512,1.2107,0.8548,9456,2022,3,adequate,0
NicozDiamond Brokers,life,1.3907,0.8307,0.1052,0.7941,1.0376,0.7076,4212,2022,1,adequate,0
Old Mutual Life Assurance Zimbabwe,life,1.6137,0.662,0.097,0.9977,1.5112,0.9646,1059,2023,4,strong,0
Fidelity Life Zimbabwe,composite,0.8678,0.6632,-0.0592,0.7428,1.4466,0.8005,9518,2020,2,adequate,0
CBZ Life,life,1.9977,0.6922,-0.2018,0.9756,1.0884,0.7932,662,2018,1,adequate,0
First Mutual Life,general,1.6216,0.9389,-0.0216,0.9975,1.1938,0.9002,4743,2019,4,adequate,0
NicozDiamond Brokers,composite,1.8142,0.7359,0.2591,0.7148,0.8868,0.8045,9822,2023,1,adequate,0
Nicoz Diamond Insurance,composite,1.192,0.9649,-0.0435,0.8813,1.5458,0.8824,4957,2023,3,adequate,0
RM Insurance,general,1.532,0.9204,-0.3288,0.366,1.1196,0.5478,2876,2019,3,adequate,1
Fidelity Life Zimbabwe,general,1.5856,0.694,-0.0393,0.5697,0.77,0.6123,13108,2019,1,adequate,0
Old Mutual Zimbabwe,composite,1.9489,0.1336,0.0983,0.5788,1.33,0.8052,5279,2020,2,strong,0
Fidelity Life Zimbabwe,general,1.3034,0.7405,-0.0734,1.2144,1.5486,0.9728,4602,2024,4,adequate,0
First Mutual Life,general,1.4183,0.7565,-0.0723,0.7094,1.4088,0.6943,4701,2022,3,adequate,0
FBC Insurance,composite,1.4602,0.4273,0.1513,1.1142,0.9117,0.952,2463,2021,2,strong,0
NicozDiamond Brokers,general,1.3878,0.6789,0.1236,0.7954,1.0799,0.6219,1457,2024,2,adequate,0
FBC Insurance,general,1.3071,0.2454,-0.0273,0.8813,1.4885,0.8263,2662,2024,4,strong,0
FBC Insurance,life,1.6608,0.17,0.2577,0.9306,0.9485,0.7103,3965,2020,3,strong,0
Nicoz Diamond Insurance,composite,1.3841,0.5278,0.3448,1.0435,1.7258,0.5747,4373,2021,1,strong,0
Heritage Insurance,life,1.9735,0.9569,0.1765,0.8221,1.0495,0.7748,1182,2021,4,adequate,0
Alliance Insurance,life,0.8418,0.7962,-0.3386,0.9155,1.8209,0.7248,5539,2021,1,adequate,0
Moonlight Insurance,life,1.3378,0.8671,0.4437,0.6198,1.3999,0.6756,4126,2024,1,adequate,0
ZB Bank Insurance,reinsurer,1.7425,0.5831,-0.0836,0.9428,1.2098,0.7418,2417,2023,3,strong,0
Zimnat Life Assurance,reinsurer,1.6032,0.9542,-0.0059,0.9941,1.1441,0.8343,5068,2021,4,adequate,0
RM Insurance,life,1.5308,0.6486,-0.0176,1.0412,1.2102,0.896,9440,2019,4,strong,0
Old Mutual Zimbabwe,life,1.222,0.3368,0.0884,0.8896,1.138,0.5543,3458,2021,4,strong,0
Heritage Insurance,life,1.5691,0.6175,-0.1423,1.0963,1.0998,0.9303,1950,2023,2,strong,0
Tristar Insurance,reinsurer,1.0312,0.414,0.3397,0.7496,1.4187,0.6696,4003,2020,2,adequate,0
Fidelity Life Assurance,reinsurer,1.644,0.1595,0.0775,0.8511,1.2193,0.5019,13191,2020,4,strong,0
Sanctuary Insurance,reinsurer,1.461,0.7325,-0.2742,0.7283,0.6911,0.5786,1063,2021,1,adequate,0
First Mutual Health,reinsurer,1.5986,0.5193,0.0637,0.8836,1.5934,0.6527,1148,2024,2,strong,0
ZB Life Assurance,general,1.9652,0.657,0.0523,1.0981,1.1131,0.9303,2687,2020,4,strong,0
Minerva Risk Advisors,general,1.5921,0.8698,-0.0236,0.9118,1.3645,0.8775,10731,2018,3,adequate,0
First Mutual Health,life,0.8257,0.9371,0.3912,1.0839,1.3266,0.7969,4543,2018,1,watch,0
CABS Insurance,reinsurer,1.4605,0.6543,-0.1448,0.7445,1.5687,0.7482,2737,2022,4,adequate,0
CABS Insurance,reinsurer,1.3059,0.5774,0.3063,0.9365,1.1041,0.8819,6099,2021,2,adequate,0
Zimnat General Insurance,general,1.9436,0.5805,0.0541,0.7024,1.3982,0.8585,9936,2020,1,strong,0
FBC Insurance,composite,1.0532,0.9866,0.2206,1.0379,1.2288,0.7536,8254,2021,3,adequate,0
CABS Insurance,composite,1.0314,0.1477,0.2375,0.647,1.2674,0.5695,4196,2022,4,strong,0
Cell Insurance,composite,1.4387,0.7295,0.3821,0.8354,1.003,0.6112,3438,2022,4,adequate,0
NicozDiamond Brokers,general,2.0516,0.9387,0.1559,0.948,2.185,0.6966,1587,2021,4,adequate,0
FBC Insurance,composite,1.0881,0.4723,0.2621,0.8431,1.0551,0.5932,5510,2021,4,adequate,0
Nicoz Diamond Insurance,reinsurer,1.2625,0.9156,0.2798,1.0835,1.0265,0.6693,7367,2024,2,adequate,0
ZB Life Assurance,life,1.1937,0.7115,0.1623,1.2059,1.3335,0.9335,11410,2019,4,adequate,0
Nicoz Diamond Insurance,reinsurer,2.0546,0.6614,0.0377,1.2487,1.6676,0.5307,7554,2023,1,strong,0
ZB Life Assurance,general,1.5945,0.376,0.0893,0.7865,1.092,0.5477,12387,2022,3,strong,0
CBZ Life,reinsurer,1.2788,1.0835,-0.2459,0.5425,0.8914,0.9262,4342,2020,1,watch,0
FBC Insurance,general,1.634,0.1313,-0.3034,0.9457,1.278,0.6561,5197,2022,1,strong,0
Heritage Insurance,reinsurer,0.9521,0.6254,-0.1628,0.8455,1.0229,0.8207,1466,2021,4,adequate,0
Minerva Risk Advisors,composite,1.2982,0.2556,0.2311,1.0953,1.697,0.9511,4668,2023,2,strong,0
Minerva Risk Advisors,composite,0.9131,0.9975,0.0217,1.0636,0.8638,0.6166,25484,2021,2,watch,0
Alliance Insurance,life,2.2973,0.4754,0.2144,0.8164,0.8811,0.7583,14145,2021,3,strong,0
Zimnat Life Assurance,life,1.0582,0.6206,0.1301,0.9037,1.4833,0.5156,1231,2020,2,adequate,0
ZB Bank Insurance,composite,1.0854,1.0198,0.1634,0.6504,1.3188,0.839,6071,2020,2,watch,0
Heritage Life Assurance,general,1.6935,0.4825,-0.1558,0.7957,1.1382,0.6597,2109,2018,4,strong,0
ZB Life Assurance,reinsurer,1.0398,0.4232,-0.1025,0.8849,0.885,0.5475,5775,2021,4,adequate,0
Moonlight Insurance,reinsurer,1.3887,0.3172,-0.2133,1.1653,0.7783,0.9244,2738,2018,4,strong,0
Cell Insurance,general,1.3476,0.841,0.2925,1.1636,1.4728,0.7533,4309,2020,1,adequate,0
Old Mutual Zimbabwe,life,1.4913,0.1,-0.0817,0.9469,1.2192,0.8686,5772,2022,3,strong,0
Heritage Insurance,life,0.858,0.5902,0.185,1.2204,1.244,0.9689,2316,2022,4,adequate,0
CABS Insurance,reinsurer,1.5016,0.4482,0.0069,0.8106,1.6206,0.5036,4793,2020,4,strong,0
FBC Insurance,composite,1.6304,0.3841,0.2296,0.9516,1.159,0.5297,2238,2022,1,strong,0
ZB Life Assurance,life,1.6962,0.832,0.3336,0.709,1.4662,0.5011,5473,2024,2,adequate,0
Zimnat Life Assurance,general,1.1262,0.2506,-0.0498,0.9659,1.2625,0.6607,1454,2021,2,strong,0
RM Life Zimbabwe,reinsurer,2.022,0.9879,0.115,1.0381,1.3929,0.6149,3737,2019,3,adequate,0
ZB Life Assurance,life,1.4071,0.6195,-0.0721,0.7174,1.3534,0.8388,12603,2022,1,adequate,0
Old Mutual Zimbabwe,general,1.3076,0.4795,0.2104,0.8895,0.6824,0.5553,4455,2019,3,adequate,0
Sanctuary Insurance,life,2.2135,0.6289,0.025,1.0214,1.6573,0.5508,3394,2020,1,strong,0
ZB Life Assurance,life,1.5779,1.0285,0.0149,0.8065,1.5226,0.6886,5623,2018,4,adequate,0
NicozDiamond Brokers,general,1.2425,0.7706,0.0582,0.9342,1.4649,0.508,10669,2020,1,adequate,0
ZB Life Assurance,general,1.7975,0.9731,-0.1501,1.076,1.4092,0.9354,2865,2018,2,adequate,0
Tristar Insurance,life,2.0978,0.8354,0.0192,0.9732,1.0339,0.568,683,2022,1,adequate,0
CABS Insurance,composite,2.2564,0.6095,-0.0487,1.0036,1.1036,0.7426,6276,2018,4,strong,0
ZB Life Assurance,general,1.4955,0.9714,0.2642,0.9858,1.2239,0.6999,2319,2024,4,adequate,0
CABS Insurance,general,1.7604,0.4639,0.2165,0.9384,1.3147,0.7529,6352,2018,1,strong,0
First Mutual Health,reinsurer,1.2675,0.389,-0.1231,0.4995,1.4286,0.5131,3952,2022,3,adequate,0
Heritage Insurance,composite,1.7019,0.3772,-0.0331,0.505,0.9255,0.6903,4735,2021,2,adequate,0
Tristar Insurance,life,2.0425,0.4978,0.152,0.9221,1.2868,0.9299,9327,2021,1,strong,0
Minerva Risk Advisors,reinsurer,1.4047,0.9181,-0.0645,0.727,1.1778,0.7707,5220,2021,3,adequate,0
First Mutual Life,general,1.4069,0.2681,-0.0554,0.8185,1.5477,0.9693,2141,2020,3,strong,0
Sanctuary Insurance,composite,1.9591,0.8574,0.145,1.0807,1.5657,0.5152,1550,2018,4,adequate,0
Old Mutual Life Assurance Zimbabwe,life,0.8496,0.3926,0.1134,0.843,1.9166,0.6627,5120,2019,1,adequate,0
Minerva Risk Advisors,general,1.4696,0.8764,0.0747,0.8189,1.2252,0.9099,3157,2023,1,adequate,0
Fidelity Life Zimbabwe,reinsurer,0.7866,0.3367,0.0096,0.8438,1.496,0.5245,1339,2024,4,adequate,1
Alliance Insurance,composite,1.5294,0.9305,0.1239,0.8573,1.3798,0.6353,4915,2018,2,adequate,0
Zimnat Life Assurance,composite,1.8793,0.9796,0.4065,0.9162,1.1697,0.717,10073,2018,4,adequate,0
RM Insurance,life,0.6908,0.7007,-0.3699,0.5687,1.7462,0.7901,861,2023,1,watch,1
Minerva Risk Advisors,general,1.4671,0.7228,-0.0842,0.9305,1.6182,0.5255,4038,2024,4,strong,0
ZB Life Assurance,reinsurer,1.2769,0.5981,0.1185,0.5978,1.5205,0.9202,2366,2021,2,adequate,0
NicozDiamond Brokers,life,1.6724,1.0208,-0.0056,1.0234,1.4518,0.5243,15443,2023,4,adequate,0
First Mutual Life,reinsurer,1.3498,0.4991,-0.189,0.9849,1.8658,0.6482,3435,2019,4,strong,0
Cell Insurance,composite,1.0742,0.9137,-0.0167,0.7553,1.3689,0.7091,9199,2018,4,adequate,0
CBZ Life,reinsurer,1.1514,0.7312,0.0638,0.8248,1.292,0.9643,37694,2019,3,adequate,0
ZB Bank Insurance,general,0.8263,1.0286,-0.1341,0.8712,1.3293,0.7788,6838,2018,3,watch,1
Nicoz Diamond Insurance,life,2.3613,0.4276,-0.0163,0.8195,1.4123,0.9685,3240,2020,3,strong,0
First Mutual Health,composite,1.4547,0.7359,0.2055,1.2216,1.5413,0.5346,6432,2018,1,strong,0
CABS Insurance,reinsurer,1.2321,0.7209,-0.127,0.9868,0.8956,0.9103,2730,2023,2,adequate,0
Fidelity Life Assurance,general,0.9,0.962,0.2124,0.833,1.0884,0.5477,1028,2022,4,watch,1
Moonlight Insurance,life,2.2002,0.3579,0.1841,0.8593,1.1544,0.7657,1488,2021,1,strong,0
FBC Insurance,general,2.1934,0.8351,0.3369,0.7169,1.201,0.5595,3901,2020,1,adequate,0
Cell Insurance,reinsurer,1.9017,0.9013,0.2112,0.7935,1.4179,0.9031,2899,2018,2,adequate,0
ZB Bank Insurance,life,1.9962,0.4438,0.0914,0.8783,1.7131,0.7501,2679,2024,1,strong,0
RM Life Zimbabwe,reinsurer,1.9149,0.9959,0.1591,0.6086,1.3908,0.6207,7508,2022,3,adequate,0
NicozDiamond Brokers,reinsurer,0.8077,0.7679,-0.2682,0.4411,1.5044,0.9334,1593,2018,3,watch,1
Nicoz Diamond Insurance,general,1.3893,0.8404,-0.0353,0.8383,1.4502,0.5894,5222,2022,2,adequate,0
RM Insurance,life,1.6829,0.6557,-0.1805,0.6816,0.9508,0.9543,2180,2018,1,adequate,0
NicozDiamond Brokers,composite,1.6451,0.8723,-0.1252,0.8152,1.2793,0.8026,3208,2023,1,adequate,0
Old Mutual Zimbabwe,general,1.2172,0.9464,-0.3972,0.9538,1.5679,0.7803,3189,2024,1,adequate,0
ZB Life Assurance,general,1.3614,0.7463,0.3048,0.8864,0.7815,0.5901,3276,2019,4,adequate,0
Heritage Life Assurance,reinsurer,1.239,0.7427,0.2475,0.7643,1.7472,0.6707,2605,2023,3,adequate,0
Fidelity Life Zimbabwe,general,1.137,0.9992,0.1452,0.7148,0.9281,0.5375,8380,2020,2,watch,0
First Mutual Life,reinsurer,1.7633,0.4348,0.0228,0.9505,0.9986,0.6529,6009,2024,3,strong,0
NicozDiamond Brokers,composite,1.496,0.1323,0.0569,1.3598,0.9754,0.8465,1320,2019,4,strong,0
First Mutual Life,composite,1.4966,0.6851,0.385,0.6963,1.3054,0.8241,5031,2020,3,adequate,0
Nicoz Diamond Insurance,reinsurer,1.4571,0.272,0.11,0.7605,1.5102,0.5501,6112,2023,4,strong,0
Tristar Insurance,composite,1.6838,0.889,0.0784,0.8728,1.0421,0.9252,1186,2020,1,adequate,0
Sanctuary Insurance,general,1.639,0.5981,-0.0201,0.8711,1.5986,0.9961,19064,2022,1,strong,0
RM Life Zimbabwe,reinsurer,1.5042,0.1,0.1245,1.0494,1.1535,0.6507,5835,2024,3,strong,0
CBZ Life,reinsurer,1.6224,0.3888,0.3232,1.0967,1.4758,0.6599,782,2023,2,strong,0
First Mutual Health,general,0.6469,0.1,-0.2457,0.4553,0.9574,0.8207,1631,2018,4,adequate,1
NicozDiamond Brokers,reinsurer,1.4901,0.8758,-0.1671,0.9293,1.3036,0.6542,4419,2024,3,adequate,0
CABS Insurance,general,1.8276,0.1164,0.0804,0.6844,1.7382,0.6909,4671,2024,1,strong,0
Zimnat Life Assurance,general,1.4032,1.0286,0.2215,0.9811,1.519,0.9211,2866,2020,3,adequate,0
Nicoz Diamond Insurance,life,2.1417,0.4312,0.0719,0.6848,1.2459,0.9826,3279,2023,4,strong,0
Tristar Insurance,general,1.7347,0.5847,-0.2632,0.4741,1.7274,0.7914,1053,2021,1,adequate,1
CABS Insurance,general,1.1696,0.3231,0.1342,0.9037,1.5381,0.8211,8473,2018,1,strong,0
Tristar Insurance,reinsurer,1.1679,1.0078,0.1191,0.8458,1.2388,0.605,7331,2022,3,adequate,0
Old Mutual Zimbabwe,composite,1.6194,0.4498,0.196,0.7481,1.4521,0.7199,15660,2023,3,strong,0
Fidelity Life Assurance,composite,0.5314,0.932,-0.0042,1.1423,0.8335,0.592,1893,2020,3,watch,1
RM Life Zimbabwe,reinsurer,1.5682,0.523,-0.1661,1.1486,1.2074,0.565,3421,2018,2,strong,0
Minerva Risk Advisors,reinsurer,1.2875,0.5601,0.1037,0.8388,1.0932,0.9126,5590,2019,4,adequate,0
Zimnat Life Assurance,composite,1.6747,0.7713,0.2478,0.8064,0.8494,0.9555,3816,2019,1,adequate,0
Heritage Life Assurance,general,2.3509,0.8876,0.1034,0.8171,1.409,0.8063,2090,2018,2,adequate,0
First Mutual Health,composite,1.6143,0.5101,0.1111,0.7684,1.4341,0.7934,8377,2021,4,strong,0
Moonlight Insurance,reinsurer,0.5326,1.0629,0.1247,1.133,1.2152,0.8017,1103,2023,2,watch,1
Nicoz Diamond Insurance,composite,1.0035,0.3215,0.2043,0.8159,1.2976,0.8322,3513,2023,4,adequate,0
NicozDiamond Brokers,general,1.634,0.3199,0.3132,1.0454,1.204,0.9975,6151,2022,4,strong,0
Fidelity Life Zimbabwe,general,0.9968,0.9058,-0.0254,0.902,0.8173,0.9812,4139,2018,2,watch,0
ZB Bank Insurance,general,1.4644,0.3965,0.3106,1.0428,1.3178,0.8063,4768,2021,2,strong,0
RM Insurance,reinsurer,1.3909,0.589,0.1046,0.9532,1.408,0.5825,958,2018,2,strong,0
First Mutual Life,reinsurer,1.6395,1.0005,-0.1691,0.9215,1.7426,0.9627,4982,2024,1,adequate,0
Old Mutual Zimbabwe,life,1.6149,0.6752,0.2156,0.9044,1.1839,0.7914,3070,2020,4,adequate,0
NicozDiamond Brokers,composite,1.5291,0.848,0.1567,0.8765,1.0998,0.8099,2990,2021,4,adequate,0
CBZ Life,life,1.2827,0.5269,0.038,0.8038,1.487,0.5259,2554,2018,3,strong,0
RM Life Zimbabwe,composite,1.8341,0.8951,-0.0382,0.6701,1.2085,0.7696,2401,2021,1,adequate,0
Zimnat Life Assurance,life,1.1008,0.9281,0.1843,0.7421,0.8829,0.929,4560,2018,4,watch,0
Fidelity Life Assurance,general,1.1107,0.4923,-0.0125,0.9237,1.9678,0.6236,985,2021,3,adequate,0
Zimnat General Insurance,reinsurer,1.3882,0.36,0.1262,0.7955,1.4216,0.6532,6031,2021,3,strong,0
Alliance Insurance,life,1.8812,0.7181,0.2338,0.9147,1.3206,0.6089,2075,2018,4,adequate,0
RM Life Zimbabwe,life,0.9818,0.9684,0.5075,0.6099,0.8769,0.7114,18534,2018,4,watch,0
Nicoz Diamond Insurance,composite,1.4386,0.9792,0.0273,0.8117,0.4011,0.8298,4878,2022,1,watch,0
First Mutual Health,reinsurer,1.787,0.414,0.0872,0.687,0.8419,0.6077,1094,2024,4,adequate,0
Sanctuary Insurance,life,1.216,0.4993,0.0325,0.7404,1.1697,0.7851,1441,2022,4,adequate,0
Fidelity Life Assurance,life,1.4247,0.5323,-0.1628,0.8172,1.2795,0.571,10625,2023,3,strong,0
ZB Bank Insurance,general,0.9686,0.819,-0.0956,0.807,1.7812,0.7142,2388,2021,2,adequate,0
CBZ Life,general,1.5808,0.5223,0.0686,0.8625,1.7274,0.6885,4780,2022,2,strong,0
Cell Insurance,reinsurer,0.5821,0.8326,0.3371,1.1446,1.3491,0.9285,3267,2024,3,watch,1
Old Mutual Zimbabwe,life,1.188,0.5084,0.028,0.6192,0.9331,0.5976,4030,2023,4,adequate,0
ZB Life Assurance,life,1.7047,0.805,0.0739,1.0744,1.2983,0.6622,2242,2024,3,adequate,0
Moonlight Insurance,composite,1.8778,0.8548,0.0829,0.8742,1.1942,0.6569,11739,2021,4,adequate,0
Moonlight Insurance,life,1.5477,0.7628,0.0281,0.9407,1.9203,0.7607,6294,2020,4,strong,0
CBZ Life,general,2.5442,0.8783,0.2326,1.0911,1.3245,0.9811,2282,2019,3,adequate,0
Zimnat General Insurance,life,1.562,0.1,0.5781,1.0052,1.5648,0.7179,14697,2022,3,strong,0
CABS Insurance,reinsurer,2.0194,0.8706,0.3315,0.6484,1.4162,0.6741,10168,2019,1,adequate,0
Fidelity Life Assurance,composite,0.5621,0.6679,-0.2088,0.7258,1.0533,0.6822,1173,2018,2,watch,1
Sanctuary Insurance,reinsurer,1.2343,0.5517,0.1403,0.8878,1.3943,0.5336,7289,2021,4,adequate,0
Fidelity Life Zimbabwe,composite,1.559,0.5188,-0.0066,1.0957,0.9014,0.7349,1014,2023,3,strong,0
Fidelity Life Zimbabwe,reinsurer,1.3681,0.41,0.0493,0.5598,1.4352,0.7037,5763,2019,2,strong,0
Old Mutual Zimbabwe,life,1.1547,0.4175,-0.1482,0.7664,0.5337,0.6219,18965,2023,2,adequate,0
First Mutual Life,reinsurer,1.4347,0.4392,0.116,0.6276,0.7594,0.7956,5951,2020,4,adequate,0
FBC Insurance,composite,1.2064,0.8081,0.077,0.9323,1.1553,0.9046,7063,2021,4,adequate,0
Sanctuary Insurance,life,1.9251,0.7178,-0.1047,0.8859,1.2659,0.8728,7451,2023,2,adequate,0
RM Life Zimbabwe,reinsurer,1.7445,0.5968,0.0208,0.8636,0.767,0.5358,1510,2024,2,adequate,0
Fidelity Life Zimbabwe,composite,1.1437,0.2123,0.1881,0.7456,1.7934,0.7627,3628,2020,3,strong,0
Nicoz Diamond Insurance,general,0.7982,0.8567,-0.0048,1.0104,0.6692,0.8146,2227,2019,1,watch,0
Moonlight Insurance,reinsurer,0.9198,1.0278,0.1456,0.9634,1.3032,0.9495,14628,2021,1,watch,0
CBZ Life,reinsurer,0.9332,0.6297,-0.1343,0.7812,0.9698,0.8639,10700,2023,3,adequate,0
Alliance Insurance,reinsurer,1.0618,0.9619,0.3434,0.9196,1.4626,0.9744,13745,2019,2,adequate,0
ZB Bank Insurance,composite,2.1926,0.7008,0.31,0.7535,1.335,0.7224,879,2020,4,adequate,0
NicozDiamond Brokers,composite,1.6411,0.9585,0.0672,0.5971,1.3625,0.6853,2112,2024,2,adequate,0
ZB Life Assurance,life,1.1225,0.4548,-0.1001,0.8209,0.8492,0.8878,8135,2024,4,adequate,0
Minerva Risk Advisors,general,1.1784,0.9333,0.0857,0.9633,0.8939,0.6881,13591,2024,1,adequate,0
First Mutual Health,composite,1.1152,0.5945,-0.2333,0.7801,1.0493,0.5061,4288,2022,2,adequate,0
Fidelity Life Zimbabwe,reinsurer,0.6305,0.8118,-0.1759,0.9731,1.0144,0.5064,1080,2021,1,watch,1
FBC Insurance,reinsurer,1.9334,1.0201,0.2332,0.9889,1.4855,0.5793,4246,2021,3,adequate,0
ZB Life Assurance,general,1.5268,0.8365,0.1363,0.8419,1.4733,0.5874,5847,2019,2,adequate,0
Zimnat General Insurance,composite,1.5567,0.2735,-0.1544,0.8992,1.1551,0.5641,2274,2023,1,strong,0
First Mutual Health,life,1.899,0.5332,-0.1408,0.8724,0.9825,0.8491,2408,2018,2,strong,0
First Mutual Life,life,0.7978,0.3098,-0.1105,0.9185,0.9619,0.7639,19045,2019,4,adequate,0
Cell Insurance,general,1.3275,0.4621,0.1625,0.983,1.1261,0.7748,9892,2024,4,strong,0
Heritage Insurance,reinsurer,0.5868,0.9674,0.1074,1.1725,1.1353,0.8217,3219,2023,2,watch,1
FBC Insurance,reinsurer,1.633,0.3687,0.0299,0.9462,1.1454,0.8254,16091,2022,2,strong,0
RM Insurance,general,0.7163,0.3753,-0.4,0.8349,1.4902,0.6992,5058,2020,4,adequate,0
FBC Insurance,reinsurer,1.5772,0.4534,-0.1318,0.7544,1.3206,0.9849,1692,2018,1,strong,0
Nicoz Diamond Insurance,life,1.8949,0.1819,0.3629,0.6625,1.6734,0.7292,1805,2020,2,strong,0
Cell Insurance,life,1.5501,0.5036,-0.0025,1.1693,1.4493,0.8483,1955,2020,3,strong,0
Fidelity Life Zimbabwe,general,1.534,0.2153,-0.1097,0.7428,0.9322,0.6576,3271,2018,2,strong,0
Old Mutual Zimbabwe,general,1.0863,0.9965,0.0399,0.7756,1.1016,0.667,6630,2021,2,watch,0
Sanctuary Insurance,life,1.1288,0.9838,0.093,0.6857,1.7618,0.8099,5706,2024,2,adequate,0
Cell Insurance,composite,1.2169,0.1712,-0.1191,0.8737,1.2702,0.6047,19602,2019,1,strong,0
RM Insurance,life,1.7385,0.7702,0.1264,1.0068,0.7773,0.9278,1782,2022,3,adequate,0
ZB Life Assurance,life,2.0184,0.6833,-0.0037,0.845,1.4692,0.5949,1632,2020,3,strong,0
Tristar Insurance,reinsurer,1.0697,0.9197,0.0663,0.9285,1.3951,0.7506,1552,2018,4,adequate,0
Moonlight Insurance,composite,1.3276,0.1755,0.1099,1.0871,1.6134,0.7739,6484,2021,1,strong,0
Minerva Risk Advisors,composite,1.6855,0.3511,0.5289,0.8252,1.8419,0.5098,13103,2022,2,strong,0
CBZ Life,composite,1.6563,0.2534,0.1181,1.013,1.3972,0.7325,5672,2022,2,strong,0
Old Mutual Life Assurance Zimbabwe,life,1.7331,0.8873,-0.3208,0.3672,1.0865,0.9629,1397,2024,1,adequate,1
ZB Life Assurance,reinsurer,1.5877,0.6354,0.2643,0.9235,1.2972,0.5893,7743,2023,3,strong,0
CBZ Life,composite,1.5103,0.5205,-0.3236,0.7305,0.9209,0.9032,512,2024,4,adequate,0
Moonlight Insurance,life,1.2907,0.8615,0.1846,0.9959,1.0831,0.5393,12899,2022,3,adequate,0
Fidelity Life Zimbabwe,reinsurer,1.8969,0.8669,-0.1154,0.9751,1.6637,0.8656,7931,2023,3,adequate,0
Old Mutual Life Assurance Zimbabwe,life,1.6253,0.5939,0.1668,0.6045,1.0128,0.6569,1120,2018,3,adequate,0
Moonlight Insurance,general,1.9657,0.6082,-0.0935,1.0699,1.6617,0.5992,9761,2021,2,strong,0
Sanctuary Insurance,reinsurer,1.6766,0.8801,0.0421,0.6976,0.781,0.7157,3398,2024,4,adequate,0
Cell Insurance,general,1.5938,0.8971,0.3449,0.9029,1.1265,0.84,1812,2020,1,adequate,0
Fidelity Life Zimbabwe,general,1.3615,0.6774,0.1639,0.8236,1.0979,0.7837,3672,2023,3,adequate,0
Old Mutual Zimbabwe,reinsurer,1.15,0.9243,-0.004,0.7137,1.3188,0.5285,3087,2024,3,adequate,0
Heritage Life Assurance,general,1.4509,0.2672,-0.3487,0.4585,1.0824,0.7268,2266,2020,3,strong,1
Zimnat General Insurance,general,1.4727,0.885,-0.4,0.7868,1.0927,0.6644,5137,2022,3,adequate,0
Cell Insurance,composite,0.5688,1.1991,0.1574,0.6591,1.2071,0.6491,2514,2020,3,watch,1
Old Mutual Life Assurance Zimbabwe,composite,1.1439,0.9474,0.1016,1.1168,1.4162,0.6014,15295,2024,4,adequate,0
First Mutual Health,composite,1.421,0.4546,0.1274,0.8922,0.969,0.8759,4547,2020,2,strong,0
Minerva Risk Advisors,general,1.5346,0.2258,0.0199,0.8018,1.6895,0.833,11263,2019,1,strong,0
ZB Bank Insurance,reinsurer,2.3164,0.4853,0.1321,0.9091,1.2801,0.83,5838,2022,3,strong,0
Old Mutual Life Assurance Zimbabwe,composite,1.4748,0.2975,-0.0053,0.6419,1.0227,0.8122,7459,2020,4,strong,0
ZB Bank Insurance,life,1.3727,0.9407,-0.1785,1.1846,1.3414,0.7024,1540,2019,3,adequate,0
Fidelity Life Zimbabwe,composite,0.5981,1.0439,-0.0814,1.171,1.4877,0.8256,1845,2019,4,watch,1
RM Life Zimbabwe,reinsurer,0.7019,0.6102,0.2401,1.0262,1.643,0.9304,10688,2024,2,adequate,0
Cell Insurance,reinsurer,1.2603,0.6383,-0.1892,0.8975,0.97,0.5149,10382,2024,2,adequate,0
CABS Insurance,life,1.4005,1.0262,-0.0157,0.6926,1.3731,0.8896,30077,2020,4,adequate,0
Alliance Insurance,reinsurer,1.585,0.4448,0.2944,0.9194,1.394,0.5496,9450,2023,3,strong,0
CABS Insurance,reinsurer,1.1359,0.6921,-0.0533,0.8737,1.4359,0.823,2437,2021,1,adequate,0
CBZ Life,general,2.0013,0.8469,0.0346,0.7621,1.163,0.7576,2435,2019,4,adequate,0
Zimnat Life Assurance,general,2.0323,0.3895,0.0635,0.8519,1.5307,0.6635,15747,2023,2,strong,0
NicozDiamond Brokers,reinsurer,1.0556,0.4503,0.1069,0.8657,1.6047,0.5474,6483,2023,4,adequate,0
RM Insurance,general,1.2044,0.4226,0.0408,0.9772,1.5018,0.6205,4181,2020,2,strong,0
Minerva Risk Advisors,life,1.6833,0.4528,0.3412,0.8612,1.3664,0.7784,1794,2020,3,strong,0
Minerva Risk Advisors,life,1.1631,0.4002,-0.1561,0.9807,1.0176,0.5389,5784,2019,2,adequate,0
NicozDiamond Brokers,life,1.6622,0.7504,0.4261,1.0491,1.2793,0.9136,2946,2024,1,strong,0
Fidelity Life Assurance,composite,1.0695,0.6764,-0.0614,1.1403,0.8525,0.6751,1995,2020,2,adequate,0
Sanctuary Insurance,reinsurer,0.9786,0.4192,0.0972,0.5145,0.955,0.7468,11874,2022,1,adequate,0
ZB Life Assurance,reinsurer,1.0882,0.742,0.2166,1.0795,0.6705,0.6353,7844,2020,4,adequate,0
First Mutual Health,general,1.6199,1.034,-0.0553,0.9037,1.3178,0.6028,2238,2021,2,adequate,0
Moonlight Insurance,composite,0.7891,0.9929,0.1385,0.7564,1.3885,0.8061,801,2022,2,watch,1
Cell Insurance,general,2.1434,0.5886,0.0996,1.0146,1.4656,0.696,2583,2022,4,strong,0
Moonlight Insurance,general,1.3901,0.3807,-0.2455,0.5609,1.6617,0.6384,2006,2022,3,strong,0
Cell Insurance,life,1.6047,1.0417,0.0444,0.967,1.256,0.8252,1661,2019,1,adequate,0
Tristar Insurance,general,1.8476,0.3415,0.3049,0.9753,1.472,0.5391,5910,2022,4,strong,0
NicozDiamond Brokers,general,1.692,0.6481,-0.0221,0.8465,0.8973,0.5756,5177,2020,4,adequate,0
NicozDiamond Brokers,composite,1.4664,0.2932,0.2716,0.8552,1.2212,0.8012,4001,2019,4,strong,0
Heritage Insurance,general,1.6787,1.0614,0.0964,0.8185,1.7769,0.537,2866,2022,1,adequate,0
First Mutual Health,life,1.3996,0.5075,-0.0017,0.6986,1.7705,0.8615,9125,2023,4,strong,0
First Mutual Health,composite,1.8167,0.4781,0.1251,0.7691,1.5141,0.7957,2820,2020,3,strong,0
FBC Insurance,life,1.656,0.508,-0.0759,0.6329,1.3372,0.7637,674,2020,3,strong,0
Moonlight Insurance,composite,1.3897,0.6413,-0.0145,1.1035,1.112,0.5226,7241,2022,2,adequate,0
ZB Bank Insurance,general,1.1241,0.4104,0.0475,0.8821,1.1855,0.6727,2922,2024,2,adequate,0
Nicoz Diamond Insurance,general,1.5487,0.9171,0.161,0.8459,0.7655,0.8032,6023,2020,4,adequate,0
Zimnat Life Assurance,general,1.3178,0.6365,0.1479,0.711,1.6486,0.9337,9696,2019,1,adequate,0
CBZ Life,reinsurer,1.7644,0.6694,0.1454,0.9663,1.6988,0.8311,4583,2021,1,strong,0
CABS Insurance,general,1.0683,0.7321,-0.1501,1.1629,1.086,0.749,12088,2023,2,adequate,0
First Mutual Health,general,1.3548,0.7842,0.2964,1.0871,1.3875,0.9333,2750,2019,2,adequate,0
Fidelity Life Zimbabwe,composite,1.2848,0.1887,0.0995,1.0234,1.4694,0.855,9889,2020,1,strong,0
Nicoz Diamond Insurance,life,1.2925,0.2502,0.0566,0.9729,0.9017,0.506,5062,2022,4,strong,0
Heritage Insurance,life,1.8707,0.575,0.1156,1.0434,1.6483,0.6934,2431,2024,2,strong,0
First Mutual Life,reinsurer,1.5151,0.2947,0.0152,0.6686,1.4322,0.8215,1206,2018,3,strong,0
Cell Insurance,composite,1.4776,0.7586,0.1611,0.8805,1.0251,0.8873,3883,2019,4,adequate,0
Tristar Insurance,general,2.0115,0.3267,-0.1453,0.6398,1.0118,0.651,6844,2023,3,strong,0
Old Mutual Life Assurance Zimbabwe,general,1.7592,0.7242,0.1589,0.9313,1.1352,0.6544,5058,2023,4,adequate,0
First Mutual Health,general,1.0201,0.2388,-0.0066,0.883,0.6988,0.8309,5120,2019,1,adequate,0
First Mutual Health,life,1.4163,0.6448,0.1772,0.8131,1.3821,0.5155,4376,2021,2,adequate,0
RM Insurance,reinsurer,0.5595,0.7225,0.0795,0.8778,1.4915,0.8868,1703,2020,1,watch,1
First Mutual Life,life,1.6631,0.3471,-0.0079,0.7826,1.2878,0.7082,1852,2019,1,strong,0
Cell Insurance,reinsurer,1.4588,0.557,-0.1591,1.1765,1.0686,0.6433,4269,2019,4,strong,0
Zimnat Life Assurance,general,1.6148,0.3857,0.3107,0.7699,1.5827,0.9994,3559,2018,1,strong,0
CBZ Life,life,1.0079,0.9141,0.0875,0.8599,0.8032,0.8102,3027,2020,4,watch,0
RM Insurance,composite,1.3931,0.148,-0.0778,0.8659,0.7227,0.7269,24716,2024,3,strong,0
CBZ Life,composite,1.4069,0.8043,-0.1667,0.7884,1.9061,0.7204,5605,2022,3,adequate,0
Fidelity Life Assurance,reinsurer,1.1743,0.5735,-0.1111,0.8929,1.5702,0.629,2762,2020,1,adequate,0
RM Insurance,composite,1.5886,0.7389,-0.0847,0.8498,1.5839,0.7698,1972,2021,1,adequate,0
First Mutual Life,life,1.2481,0.9242,0.1131,1.0414,0.714,0.964,1507,2019,3,adequate,0
Heritage Life Assurance,reinsurer,1.6293,0.4121,0.1935,1.0925,1.6701,0.9769,3532,2019,2,strong,0
RM Insurance,life,1.3704,0.5923,0.1515,0.612,1.1168,0.712,5734,2018,2,adequate,0
Zimnat General Insurance,life,2.4987,0.3137,0.2155,0.8965,0.9366,0.698,6774,2024,1,strong,0
Fidelity Life Zimbabwe,life,1.2499,0.9416,-0.0253,1.093,1.6711,0.69,1356,2018,1,adequate,0
Minerva Risk Advisors,composite,1.1529,0.7889,0.0446,0.9679,1.3461,0.8045,12672,2019,3,adequate,0
Tristar Insurance,general,1.1568,0.7765,-0.2746,0.8717,1.238,0.9623,30300,2018,1,adequate,0
Minerva Risk Advisors,life,1.3814,0.5484,-0.1708,1.1189,1.3397,0.6983,8249,2020,1,strong,0
Heritage Life Assurance,general,1.2958,0.604,0.1891,0.673,0.9872,0.9467,2517,2020,1,adequate,0
Moonlight Insurance,general,1.3921,1.0474,0.0478,0.8856,1.3247,0.6835,9838,2022,3,adequate,0
Fidelity Life Assurance,life,1.4747,0.9316,0.1821,0.7758,2.0062,0.9582,12775,2018,3,adequate,0
Zimnat General Insurance,general,1.7424,0.8556,-0.4,0.9253,1.216,0.9437,7919,2022,4,adequate,0
FBC Insurance,general,1.521,0.412,0.0708,0.868,1.7893,0.7923,4541,2022,1,strong,0
Heritage Life Assurance,life,1.1966,0.4748,0.1977,0.6806,0.708,0.8924,1283,2024,3,adequate,0
ZB Bank Insurance,reinsurer,1.4197,0.9495,0.2031,0.7879,0.7674,0.8322,11051,2022,4,adequate,0
First Mutual Health,life,2.0183,0.5593,0.1959,0.7699,1.3455,0.6406,6719,2019,4,strong,0
Moonlight Insurance,life,1.8222,0.4856,-0.0683,0.8688,1.2218,0.6244,3775,2022,4,strong,0
Cell Insurance,reinsurer,1.2231,0.5748,0.0657,0.8496,1.362,0.5545,6913,2024,4,adequate,0
Cell Insurance,reinsurer,1.617,1.0333,0.0787,0.9055,1.1114,0.9968,9489,2024,1,adequate,0
Cell Insurance,general,1.55,0.9038,0.1572,1.1104,1.305,0.9684,1506,2019,3,adequate,0
RM Insurance,general,1.7562,0.8585,0.3878,0.9749,0.5842,0.9697,2825,2022,3,adequate,0
Cell Insurance,life,1.701,0.5884,0.031,0.8626,1.1777,0.8213,6488,2021,4,strong,0
Nicoz Diamond Insurance,composite,1.3866,0.9283,-0.1709,0.7862,1.5727,0.9347,4060,2020,4,adequate,0
Old Mutual Life Assurance Zimbabwe,composite,1.4474,0.6003,-0.0449,0.7986,1.1899,0.6829,3048,2022,1,adequate,0
RM Life Zimbabwe,life,1.7175,0.6686,-0.0216,0.9642,1.62,0.6047,2986,2021,3,strong,0
NicozDiamond Brokers,general,1.155,0.8612,-0.0208,1.1413,1.3422,0.9599,3648,2021,4,adequate,0
Fidelity Life Zimbabwe,general,1.2633,0.8271,0.37,1.2624,1.1284,0.7952,3510,2024,1,adequate,0
NicozDiamond Brokers,general,1.2457,0.8281,0.0492,0.7556,1.0529,0.8674,2002,2023,4,adequate,0
Zimnat General Insurance,life,1.6254,0.7959,0.0698,0.7935,1.1152,0.6604,4125,2023,3,adequate,0
Cell Insurance,reinsurer,1.3784,0.6546,0.188,1.0577,1.3695,0.6166,2559,2023,2,strong,0
ZB Bank Insurance,reinsurer,1.8597,0.4629,0.3954,0.5458,1.1396,0.8526,11312,2022,2,adequate,0
Heritage Life Assurance,reinsurer,1.0714,0.6276,-0.1194,0.9316,1.5493,0.7147,8911,2022,4,adequate,0
Zimnat Life Assurance,general,0.5026,1.0985,0.3217,0.9549,1.0257,0.8009,3860,2018,1,watch,1
ZB Bank Insurance,composite,1.6531,0.9528,-0.0317,0.9979,1.5428,0.5775,14137,2019,4,adequate,0
Old Mutual Life Assurance Zimbabwe,composite,1.1478,0.5465,-0.1105,0.8612,1.6944,0.7765,2330,2024,3,adequate,0
ZB Life Assurance,reinsurer,1.8177,0.4943,0.2765,0.7662,1.4834,0.6372,5951,2020,1,strong,0
FBC Insurance,composite,0.9915,0.2976,-0.0187,0.9875,0.9111,0.896,6062,2018,1,adequate,0
Old Mutual Life Assurance Zimbabwe,reinsurer,1.1881,0.3989,0.023,0.7491,1.349,0.5128,3614,2021,4,adequate,0
First Mutual Life,general,1.8884,0.5218,-0.2139,1.038,0.6984,0.5998,6822,2018,4,strong,0
Old Mutual Life Assurance Zimbabwe,reinsurer,1.4431,0.696,0.281,0.8113,1.4647,0.7138,1743,2020,4,adequate,0
ZB Bank Insurance,reinsurer,1.3498,0.6962,0.0375,0.7698,1.3955,0.6433,4192,2023,4,adequate,0
Zimnat General Insurance,composite,1.1611,0.5406,0.3051,1.0764,1.4514,0.703,7259,2018,4,strong,0
Heritage Insurance,reinsurer,1.0666,0.9556,-0.0368,0.7737,0.8651,0.8648,3850,2020,4,watch,0
RM Life Zimbabwe,composite,0.7419,0.5149,0.432,0.9939,1.6648,0.6586,17672,2018,4,adequate,0
Heritage Life Assurance,reinsurer,0.9681,0.7001,0.1006,0.9366,1.3915,0.8512,2061,2021,2,adequate,0
Minerva Risk Advisors,reinsurer,1.3539,0.6222,0.1906,1.034,1.3463,0.9579,4121,2024,3,strong,0
FBC Insurance,composite,1.6724,0.2738,0.1012,0.4275,1.1323,0.9677,6529,2018,2,strong,0
NicozDiamond Brokers,reinsurer,1.7667,0.9704,0.3013,0.9699,1.3113,0.5125,4225,2019,3,adequate,0
Fidelity Life Zimbabwe,reinsurer,1.2517,0.5479,-0.1618,0.8422,1.4645,0.6748,2395,2021,1,adequate,0
NicozDiamond Brokers,life,1.6426,0.8908,-0.0856,1.0265,0.8385,0.9443,4885,2024,1,adequate,0
Zimnat Life Assurance,life,1.3247,0.2994,-0.1577,1.0082,1.0099,0.7986,4461,2022,3,strong,0
Alliance Insurance,reinsurer,1.3662,0.3268,0.2236,0.8104,1.1269,0.8601,2541,2019,2,strong,0
Cell Insurance,general,0.8167,1.1588,0.0906,1.0367,1.4865,0.9093,1240,2018,4,watch,1
First Mutual Health,general,1.5825,0.4529,-0.2374,0.8811,1.1674,0.8057,10633,2018,4,strong,0
FBC Insurance,composite,1.3727,0.3983,-0.0548,0.9005,1.6971,0.6741,5054,2022,4,strong,0
RM Life Zimbabwe,life,0.7134,0.6404,-0.0599,0.953,1.2519,0.585,3502,2020,4,adequate,1
CABS Insurance,composite,2.1088,0.6771,0.0811,0.9472,1.5996,0.9766,5764,2023,2,strong,0
CABS Insurance,life,1.3457,0.4611,0.29,0.8303,1.6108,0.7214,1481,2020,2,strong,0
NicozDiamond Brokers,general,1.9796,0.6822,0.3155,1.251,1.4737,0.7924,17764,2024,2,strong,0
Old Mutual Zimbabwe,life,0.7508,0.8951,0.0004,0.8974,1.5991,0.5167,1155,2018,4,watch,1
ZB Life Assurance,reinsurer,1.1079,0.8184,-0.0277,0.9652,0.6361,0.5853,624,2022,3,adequate,0
Old Mutual Life Assurance Zimbabwe,general,1.7284,0.7451,-0.0474,0.9781,1.3014,0.7304,3461,2021,1,strong,0
Alliance Insurance,reinsurer,1.602,0.9768,-0.0153,0.9149,1.2566,0.792,3715,2024,1,adequate,0
Nicoz Diamond Insurance,reinsurer,1.3949,0.8996,-0.3902,0.8079,1.1313,0.7778,10915,2021,2,adequate,0
Old Mutual Life Assurance Zimbabwe,general,1.8074,0.541,0.0836,0.7001,1.4132,0.855,20377,2024,4,strong,0
Old Mutual Zimbabwe,composite,1.2586,0.9626,0.0493,0.937,1.6217,0.8699,7098,2023,4,adequate,0
Minerva Risk Advisors,general,0.9787,0.4182,-0.063,0.8665,1.5158,0.7519,16481,2021,4,adequate,0
FBC Insurance,reinsurer,2.1722,0.8053,-0.3553,0.3804,1.2318,0.5164,1827,2020,1,adequate,1
RM Life Zimbabwe,general,1.7565,0.9096,0.2308,0.8737,0.9361,0.6789,8754,2020,4,adequate,0
RM Insurance,general,2.2513,0.5339,0.316,0.7806,1.3455,0.7186,7668,2021,3,strong,0
First Mutual Life,life,1.5011,0.4401,0.2553,0.8812,1.1889,0.8724,6729,2024,4,strong,0
Old Mutual Life Assurance Zimbabwe,life,1.2867,0.3814,0.0003,0.8731,1.0517,0.8443,11771,2024,3,strong,0
Fidelity Life Assurance,life,1.9752,0.9403,-0.1496,1.0758,1.3766,0.5421,8566,2019,3,adequate,0
Heritage Insurance,reinsurer,1.4305,0.4239,0.0415,0.9796,1.0744,0.7664,4194,2020,3,strong,0
Old Mutual Zimbabwe,general,1.3025,0.8089,0.2068,1.1711,1.4664,0.6141,2286,2020,2,adequate,0
Fidelity Life Assurance,life,0.9718,0.626,-0.3938,0.4693,0.9356,0.6337,1334,2024,1,watch,1
CABS Insurance,general,1.741,0.3881,0.4111,1.0456,1.0443,0.8955,1620,2018,4,strong,0
Nicoz Diamond Insurance,general,1.584,0.3867,-0.0901,0.7652,1.5282,0.7343,6608,2022,1,strong,0
ZB Bank Insurance,composite,1.4899,0.5573,0.2637,0.7794,0.7037,0.9155,2360,2020,3,adequate,0
NicozDiamond Brokers,general,1.9823,0.5607,-0.1689,0.9732,1.2487,0.9093,3301,2018,1,strong,0
Minerva Risk Advisors,reinsurer,1.7805,0.4017,0.1445,0.8761,1.4135,0.6313,3435,2020,2,strong,0
Minerva Risk Advisors,general,1.7002,0.3989,0.1641,1.0889,1.255,0.6205,5089,2021,2,strong,0
Alliance Insurance,life,1.0144,0.8437,0.2506,0.9484,1.4004,0.7474,5181,2018,4,adequate,0
Minerva Risk Advisors,life,1.5202,0.6946,-0.1336,1.0951,1.4013,0.5641,2864,2021,3,strong,0
FBC Insurance,composite,1.9181,0.678,0.1118,0.7173,1.2771,0.7096,33718,2023,2,adequate,0
Alliance Insurance,life,1.6682,0.3766,0.0808,0.8822,1.3707,0.6001,5788,2018,2,strong,0
Cell Insurance,life,0.9727,0.665,0.1294,1.2394,0.7326,0.8692,3666,2020,2,adequate,0
Alliance Insurance,life,1.8012,0.7081,0.318,0.9754,0.8929,0.6952,16819,2021,4,adequate,0
Old Mutual Zimbabwe,composite,1.2065,0.4098,0.046,0.6559,1.2341,0.545,6869,2019,4,adequate,0
NicozDiamond Brokers,composite,1.2648,0.4896,0.1715,0.7494,1.276,0.5948,3448,2018,2,adequate,0
CBZ Life,reinsurer,1.1811,0.9041,0.1072,0.9669,1.9058,0.8242,6633,2021,4,adequate,0
NicozDiamond Brokers,general,1.2114,0.867,0.1126,1.0116,1.3692,0.9566,3914,2020,1,adequate,0
CABS Insurance,life,1.1934,0.7445,0.2435,0.9038,1.3918,0.7628,1486,2022,2,adequate,0
Moonlight Insurance,composite,1.4773,0.5026,0.1801,0.7749,1.4111,0.9167,6498,2020,2,strong,0
FBC Insurance,composite,0.7587,1.1499,-0.0224,0.909,1.2977,0.6,2540,2021,3,watch,1
Zimnat Life Assurance,life,0.9723,0.4234,0.0291,0.8641,1.3169,0.9609,2022,2024,3,adequate,0
Fidelity Life Zimbabwe,composite,1.4397,0.5361,-0.329,0.8662,1.5583,0.9543,988,2022,1,strong,0
FBC Insurance,life,2.106,0.8704,0.3967,0.6506,1.3892,0.5253,6863,2018,1,adequate,0
Old Mutual Life Assurance Zimbabwe,general,1.4972,0.8544,0.1047,0.6923,1.223,0.951,3225,2024,3,adequate,0
Zimnat Life Assurance,composite,1.9341,0.4697,-0.0666,0.9093,1.6121,0.5259,8188,2018,4,strong,0
Minerva Risk Advisors,life,1.5695,0.9246,0.2652,0.5479,1.3537,0.604,3981,2024,4,adequate,0
First Mutual Health,general,1.4231,0.6508,-0.1534,0.83,1.1564,0.615,5366,2022,3,adequate,0
ZB Bank Insurance,composite,0.8278,1.0365,0.033,0.8302,1.4034,0.6707,1896,2018,4,watch,1
RM Insurance,composite,1.6919,0.8119,-0.0162,0.8776,1.7834,0.8524,3963,2018,1,adequate,0
ZB Bank Insurance,composite,1.443,0.5952,0.1242,0.9717,0.6981,0.5479,7649,2023,4,adequate,0
First Mutual Health,general,1.386,0.8216,-0.0887,1.0177,1.1485,0.8686,1833,2023,4,adequate,0
CABS Insurance,reinsurer,1.4506,0.4595,0.0459,0.8522,1.1547,0.9519,8279,2021,3,strong,0
CBZ Life,general,1.4674,0.5419,0.1571,0.9152,0.7728,0.6069,6320,2020,2,adequate,0
RM Insurance,composite,2.563,1.0085,0.2865,0.6797,0.6027,0.5641,13472,2022,4,watch,0
ZB Bank Insurance,composite,1.7429,0.8621,0.3997,1.0159,1.1237,0.617,1520,2023,2,adequate,0
Nicoz Diamond Insurance,general,1.9492,0.7554,0.1677,0.6938,0.8038,0.8896,6838,2021,2,adequate,0
First Mutual Health,reinsurer,1.1812,0.6006,0.0722,0.8977,0.6582,0.6275,9011,2020,4,adequate,0
Cell Insurance,composite,0.9689,0.6641,0.0025,0.9012,0.8342,0.886,2234,2018,3,adequate,0
Sanctuary Insurance,general,1.2454,1.0031,-0.3808,0.5313,0.6768,0.7308,1060,2024,2,watch,1
Moonlight Insurance,reinsurer,1.0271,1.0534,0.2646,0.5161,1.0026,0.9474,8098,2023,3,watch,0
RM Insurance,general,1.2798,0.8559,-0.0482,0.7481,1.9345,0.6324,9147,2021,1,adequate,0
CBZ Life,life,1.7739,0.5298,-0.0176,0.992,1.1998,0.8677,19733,2020,1,strong,0
Moonlight Insurance,composite,1.5281,0.5623,0.0532,0.7865,1.2554,0.9617,8685,2021,4,strong,0
Zimnat General Insurance,composite,0.9357,0.9049,0.0222,0.7875,1.528,0.7465,918,2018,1,adequate,0
ZB Life Assurance,composite,1.057,1.0108,0.1389,0.7611,1.258,0.6605,7378,2018,3,watch,0
First Mutual Health,general,1.9656,0.3907,0.0248,0.9791,1.2454,0.8955,7852,2023,3,strong,0
Zimnat Life Assurance,reinsurer,1.2233,0.8603,0.0552,0.5909,0.8133,0.6113,2220,2024,4,watch,0
Old Mutual Life Assurance Zimbabwe,life,1.9231,0.2874,-0.0058,1.1123,1.1376,0.8564,1380,2020,3,strong,0
Heritage Insurance,life,1.159,0.1329,-0.0046,0.855,1.4749,0.52,3284,2020,4,strong,0
Moonlight Insurance,general,1.7352,0.7534,0.2453,0.8649,1.1507,0.9039,7247,2023,4,adequate,0
ZB Bank Insurance,life,1.9995,0.4868,0.3626,1.0722,1.8336,0.5923,5403,2020,2,strong,0
FBC Insurance,composite,1.4936,0.867,-0.0463,0.8541,1.3428,0.9948,8194,2024,1,adequate,0
Alliance Insurance,composite,1.1705,0.5184,0.3632,0.954,1.7884,0.6938,2900,2024,4,strong,0
Heritage Insurance,general,1.3075,0.4731,0.2715,0.7087,1.2519,0.6803,5379,2019,4,adequate,0
NicozDiamond Brokers,reinsurer,1.3058,0.4852,0.3148,0.7854,0.6986,0.6485,1618,2024,3,adequate,0
NicozDiamond Brokers,composite,1.2751,0.5658,-0.0077,1.0129,0.8898,0.502,4467,2023,4,adequate,0
CABS Insurance,general,1.953,0.9093,-0.1263,1.058,2.0683,0.8921,2707,2020,4,adequate,0
NicozDiamond Brokers,reinsurer,1.195,0.9051,0.1868,0.9953,1.2231,0.7097,8170,2022,1,adequate,0
Zimnat Life Assurance,general,0.6639,0.3116,-0.26,0.8448,1.3518,0.908,2527,2022,4,adequate,1
Heritage Insurance,general,1.7101,0.6982,0.1194,1.0107,1.3171,0.6,4749,2019,1,strong,0
RM Insurance,life,1.3656,0.9914,0.0156,0.9992,1.0916,0.6072,1454,2020,1,adequate,0
Fidelity Life Assurance,general,2.0052,1.0222,0.1937,0.776,1.1032,0.891,6111,2024,3,adequate,0
Moonlight Insurance,life,1.4278,0.3977,0.1062,0.939,0.9914,0.5503,1848,2024,1,strong,0
FBC Insurance,reinsurer,1.0078,0.3283,0.2635,0.9398,1.1351,0.6241,16531,2020,3,adequate,0
Minerva Risk Advisors,general,1.4303,0.3818,-0.2974,0.3825,1.2591,0.8858,2427,2024,2,adequate,1
Zimnat General Insurance,composite,1.1116,0.7203,0.2591,0.7784,1.0435,0.9582,18707,2020,4,adequate,0
CABS Insurance,life,1.3134,0.5561,0.1115,0.9676,1.1348,0.7367,2360,2020,2,adequate,0
Zimnat General Insurance,general,1.4957,0.6932,0.0687,1.3345,1.3411,0.6704,6235,2018,1,strong,0
Zimnat Life Assurance,general,1.4611,1.0645,-0.098,0.701,1.216,0.9275,7270,2023,2,adequate,0
CBZ Life,composite,1.1538,0.3203,0.076,0.7261,1.809,0.5765,10657,2020,3,strong,0
Minerva Risk Advisors,life,1.3964,0.4171,0.2038,0.9619,1.3228,0.9659,4348,2018,2,strong,0
ZB Bank Insurance,reinsurer,1.6106,0.3409,-0.015,1.0152,1.4758,0.7666,7723,2021,4,strong,0
CBZ Life,composite,1.6965,0.3494,0.2975,1.2151,1.5506,0.9831,4818,2020,1,strong,0
CBZ Life,general,1.7935,0.6563,-0.2237,0.7405,1.7049,0.9449,8811,2023,2,strong,0
Zimnat Life Assurance,reinsurer,1.4579,0.4979,0.3106,1.0537,1.5896,0.9466,4320,2024,2,strong,0
Nicoz Diamond Insurance,life,1.6128,0.296,0.2223,0.9317,1.4505,0.583,9228,2019,1,strong,0
Tristar Insurance,life,0.8083,0.6456,0.2325,0.9866,1.8261,0.5082,4151,2018,2,adequate,1
Heritage Insurance,life,1.9643,0.5542,0.0522,1.0374,1.0103,0.9099,1257,2022,4,strong,0
Old Mutual Zimbabwe,general,2.16,0.6802,0.0331,1.0222,1.6962,0.707,3056,2021,4,strong,0
Fidelity Life Assurance,reinsurer,1.8524,0.5412,0.2218,0.9991,1.3916,0.807,2050,2024,4,strong,0
Old Mutual Zimbabwe,reinsurer,1.2851,0.6644,-0.0371,0.8121,1.1763,0.8456,992,2020,1,adequate,0
FBC Insurance,reinsurer,1.0017,0.83,0.2446,0.9992,1.3409,0.8315,13498,2021,1,adequate,0
Heritage Life Assurance,general,1.4496,0.3997,0.2943,0.8193,1.3053,0.9009,2035,2019,4,strong,0
Zimnat Life Assurance,general,1.5098,0.5813,-0.3554,1.0715,1.6906,0.8755,7036,2022,2,strong,0
RM Life Zimbabwe,reinsurer,1.726,0.7563,0.0385,1.0382,1.3475,0.8409,4163,2019,4,strong,0
Old Mutual Zimbabwe,general,1.3079,0.3833,0.1797,0.7926,1.4361,0.5816,4285,2024,2,strong,0
CBZ Life,life,2.0278,0.932,-0.1193,0.7458,1.443,0.9859,4481,2023,3,adequate,0
Tristar Insurance,composite,1.308,0.4502,0.2777,0.6861,1.2882,0.5978,804,2024,1,adequate,0
FBC Insurance,composite,0.8964,0.717,0.2265,1.0403,1.3199,0.8813,5586,2023,1,adequate,0
Zimnat Life Assurance,life,1.3869,0.4942,-0.163,0.9591,0.7167,0.8454,5113,2022,4,adequate,0
First Mutual Life,reinsurer,2.1654,0.4281,0.115,1.051,1.2754,0.6633,4095,2020,3,strong,0
Fidelity Life Assurance,general,1.4105,0.9096,-0.2984,0.9756,1.0411,0.9293,5508,2023,1,adequate,0
First Mutual Life,life,1.175,1.0237,0.0748,0.9377,1.3699,0.9549,2514,2023,4,adequate,0
First Mutual Life,composite,1.3279,0.8301,0.3932,0.6649,1.8015,0.5761,1461,2022,2,adequate,0
Nicoz Diamond Insurance,composite,1.0683,0.7452,-0.1406,0.9057,1.3777,0.892,4544,2019,2,adequate,0
Old Mutual Life Assurance Zimbabwe,general,2.2026,0.6916,-0.002,0.6475,1.2018,0.601,11487,2019,3,adequate,0
FBC Insurance,composite,1.3787,0.791,-0.0684,1.0443,1.2719,0.9418,902,2023,1,adequate,0
ZB Bank Insurance,general,1.7317,0.6754,0.1799,0.6233,1.1854,0.9295,3792,2018,1,adequate,0
CBZ Life,general,1.3778,0.7496,0.2866,0.8124,1.2555,0.6053,12496,2024,3,adequate,0
ZB Bank Insurance,general,1.7148,0.1572,-0.0958,1.0451,1.5509,0.5773,9114,2018,3,strong,0
First Mutual Life,general,1.0333,0.5906,-0.1078,0.8161,0.4627,0.9471,3927,2018,2,adequate,0
NicozDiamond Brokers,reinsurer,1.6426,0.9217,0.2497,0.7323,1.1133,0.7397,1456,2020,3,adequate,0
Moonlight Insurance,reinsurer,1.7389,0.873,0.3515,1.1887,1.3204,0.718,3768,2018,3,adequate,0
Fidelity Life Zimbabwe,reinsurer,1.4528,0.2593,0.0746,0.5515,0.7028,0.6876,21768,2019,3,adequate,0
First Mutual Life,composite,2.0653,0.7377,-0.1025,1.0841,1.2073,0.7395,4169,2024,1,adequate,0
RM Life Zimbabwe,general,2.1564,0.4542,0.1293,1.0296,1.4057,0.9943,6834,2018,1,strong,0
RM Life Zimbabwe,reinsurer,1.3785,0.1319,0.0096,0.7992,0.9172,0.8996,5290,2018,2,strong,0
Fidelity Life Zimbabwe,general,0.8483,0.895,0.3539,0.8693,0.7464,0.509,1103,2018,3,watch,1
ZB Bank Insurance,composite,1.4357,0.6346,-0.15,0.9059,1.7237,0.9454,4092,2020,4,strong,0
Moonlight Insurance,reinsurer,1.037,0.7042,0.4105,0.8496,1.3628,0.7318,11662,2024,3,adequate,0
ZB Bank Insurance,composite,1.5194,0.7918,-0.2834,0.8537,1.7329,0.9413,7530,2024,4,adequate,0
RM Insurance,reinsurer,1.7122,1.013,-0.372,1.1395,1.7082,0.6732,5013,2021,3,adequate,0
RM Life Zimbabwe,composite,0.656,0.8554,-0.1258,1.0222,1.6076,0.9334,1746,2019,2,watch,1
Minerva Risk Advisors,general,1.1451,0.8672,-0.0377,0.9123,0.9426,0.7232,1719,2023,4,adequate,0
Old Mutual Life Assurance Zimbabwe,general,1.342,0.2987,0.0554,0.8726,1.264,0.883,2284,2020,4,strong,0
Tristar Insurance,general,1.315,0.8943,0.175,1.0106,1.0736,0.6905,2198,2024,1,adequate,0
Alliance Insurance,general,0.9597,0.1,0.0774,1.0087,1.4603,0.5053,1223,2021,4,strong,1
RM Life Zimbabwe,general,0.9669,1.0296,0.3763,0.9628,0.6889,0.6042,2474,2020,1,watch,0
Alliance Insurance,general,1.523,0.7762,0.2427,0.776,1.6955,0.8293,4574,2024,1,adequate,0
RM Life Zimbabwe,general,1.3154,0.7162,0.201,0.9513,1.0424,0.5109,10371,2023,2,adequate,0
Heritage Insurance,life,1.7088,0.3772,0.3029,0.7802,1.5312,0.5943,19395,2018,3,strong,0
FBC Insurance,composite,1.4496,0.5334,-0.0905,0.7267,0.9867,0.7403,10360,2021,4,adequate,0
First Mutual Health,composite,1.6962,0.5825,0.1029,0.8139,1.1772,0.5863,12454,2022,3,strong,0
Tristar Insurance,life,0.9078,0.6157,0.071,0.6549,1.2514,0.6768,15645,2022,1,adequate,0
Moonlight Insurance,reinsurer,1.2478,0.9852,0.3232,0.8238,1.3748,0.8138,12693,2018,2,adequate,0
Old Mutual Life Assurance Zimbabwe,life,1.1667,0.5368,0.1042,0.8333,1.6553,0.5459,2050,2019,2,adequate,0
Nicoz Diamond Insurance,general,1.8705,0.6594,0.0557,0.8529,0.9608,0.7316,19581,2019,4,adequate,0
Moonlight Insurance,life,1.3898,1.0276,-0.07,0.7518,1.2229,0.7434,12282,2020,3,adequate,0
RM Insurance,composite,1.4351,0.5591,-0.2399,0.9286,1.0219,0.581,4670,2021,1,strong,0
Minerva Risk Advisors,reinsurer,1.3696,0.6669,-0.0578,0.9789,0.9878,0.5415,5961,2019,3,adequate,0
Old Mutual Life Assurance Zimbabwe,reinsurer,1.0353,0.1652,0.2309,0.7446,1.5295,0.6455,3970,2018,2,strong,0
Alliance Insurance,life,1.2878,0.4993,0.2563,0.7514,1.0768,0.6765,3945,2024,1,adequate,0
Fidelity Life Assurance,life,1.5096,0.7122,0.0461,0.7726,1.3367,0.578,17390,2018,1,adequate,0
Old Mutual Zimbabwe,life,1.3143,0.6812,0.417,0.8728,1.7805,0.747,6811,2022,1,adequate,0
Tristar Insurance,composite,1.4763,0.6494,0.1262,0.6998,1.174,0.8875,15911,2019,1,adequate,0
Alliance Insurance,life,1.5516,0.5743,0.2878,0.9263,1.1111,0.5847,1561,2023,2,strong,0
CABS Insurance,reinsurer,2.0392,0.8275,-0.0248,0.8095,1.0949,0.7542,1654,2020,4,adequate,0
First Mutual Health,composite,1.6242,0.4925,0.1186,0.9027,0.6833,0.8302,6791,2018,4,strong,0
Zimnat Life Assurance,composite,0.617,0.3457,0.0514,1.0506,1.6538,0.9473,2750,2022,3,adequate,1
Fidelity Life Assurance,reinsurer,1.4171,0.8289,0.0942,0.7506,1.4926,0.6417,1460,2021,3,adequate,0
FBC Insurance,life,1.3816,1.0567,0.1782,0.8612,0.886,0.7914,1912,2024,3,adequate,0
CBZ Life,reinsurer,1.1385,0.1,0.4284,0.882,1.6373,0.5751,8716,2021,3,strong,0
RM Insurance,reinsurer,1.7221,0.7553,0.0371,0.84,1.3197,0.5267,6562,2019,4,adequate,0
Heritage Insurance,reinsurer,1.5303,0.3606,0.157,0.832,1.7779,0.7173,2498,2024,2,strong,0
ZB Bank Insurance,life,0.7028,0.7121,0.2955,0.7021,1.4609,0.5297,603,2018,4,watch,1
NicozDiamond Brokers,composite,1.2079,0.7527,0.0733,0.9096,0.8944,0.6236,5074,2019,1,adequate,0
Moonlight Insurance,life,1.5208,0.5445,0.2315,0.9631,1.9483,0.8185,905,2021,2,strong,0
NicozDiamond Brokers,life,1.1744,0.9273,0.2272,1.0223,1.0675,0.6097,3031,2019,3,adequate,0
NicozDiamond Brokers,general,1.4072,0.4552,0.4976,1.1495,0.9565,0.5904,1394,2018,3,strong,0
ZB Life Assurance,reinsurer,1.4735,0.5907,-0.3443,1.1621,1.2058,0.5939,1494,2018,3,strong,0
ZB Bank Insurance,life,1.6386,0.703,0.1115,0.5597,1.1841,0.6928,6973,2020,2,adequate,0
ZB Bank Insurance,general,0.5529,0.9436,-0.0247,1.2452,1.178,0.5014,1375,2024,2,watch,1
Zimnat General Insurance,composite,1.3614,0.7152,0.0646,0.9416,1.3171,0.8005,3358,2024,3,adequate,0
Sanctuary Insurance,reinsurer,1.2457,0.7859,-0.025,0.9399,0.8536,0.6632,5769,2020,4,adequate,0
RM Insurance,life,1.5094,0.7561,0.0573,0.7813,1.2693,0.8262,3724,2018,3,adequate,0
Heritage Life Assurance,general,1.3229,0.5123,-0.3342,0.5347,0.71,0.6243,1662,2019,2,adequate,1
Moonlight Insurance,life,2.1967,0.4646,0.109,0.8128,1.1427,0.7477,4412,2021,4,strong,0
NicozDiamond Brokers,reinsurer,1.5218,0.2566,0.189,0.8497,1.5597,0.7709,5483,2020,2,strong,0
NicozDiamond Brokers,reinsurer,1.4779,0.6713,-0.0192,0.71,0.7816,0.8191,8645,2019,4,adequate,0
First Mutual Life,general,0.9264,0.8928,-0.0157,0.8783,0.866,0.5562,1398,2024,4,watch,1
RM Life Zimbabwe,general,1.1293,0.8599,-0.1009,0.6866,1.3725,0.9284,1866,2021,1,adequate,0
Old Mutual Zimbabwe,reinsurer,1.7073,0.6982,0.2905,0.8532,1.0418,0.985,12458,2021,1,adequate,0
Old Mutual Zimbabwe,reinsurer,1.1542,0.6989,0.0102,0.8279,1.5035,0.9621,3861,2019,3,adequate,0
Sanctuary Insurance,general,1.8952,0.8709,-0.1537,0.9001,1.0749,0.8455,1861,2022,1,adequate,0
Fidelity Life Zimbabwe,composite,1.3876,0.7558,0.1218,1.0589,1.2337,0.7585,4670,2023,1,adequate,0
Old Mutual Zimbabwe,life,1.6488,0.5258,0.4707,0.7043,0.9547,0.5579,3243,2022,4,adequate,0
First Mutual Life,life,1.4745,0.3145,0.198,1.1023,1.1901,0.7359,4765,2018,2,strong,0
Heritage Life Assurance,composite,1.5849,0.2332,0.2525,0.7506,1.2894,0.6172,2083,2019,2,strong,0
RM Insurance,life,1.1642,0.5676,0.1092,0.9895,0.7739,0.6265,3773,2019,4,adequate,0
Zimnat General Insurance,general,1.1357,0.5942,-0.2271,0.5394,1.8729,0.7067,2820,2019,3,adequate,0
FBC Insurance,reinsurer,1.9238,0.643,0.0304,0.9351,1.1565,0.9642,1264,2021,2,strong,0
FBC Insurance,life,0.7966,0.8845,0.2893,1.0063,1.212,0.9927,7977,2019,1,watch,0
Heritage Insurance,reinsurer,1.8063,0.9981,0.1317,0.8704,1.3583,0.6384,2802,2024,2,adequate,0
First Mutual Health,reinsurer,1.4289,0.2092,0.0446,0.7128,1.1812,0.9993,2167,2019,2,strong,0
CABS Insurance,reinsurer,1.4313,0.9564,0.0461,0.9416,0.7578,0.7256,8287,2019,1,adequate,0
Minerva Risk Advisors,life,1.5195,0.9773,-0.1182,1.0021,0.857,0.5115,3109,2024,3,adequate,0
Fidelity Life Assurance,reinsurer,1.3215,0.2639,0.1698,0.7989,1.0542,0.9097,971,2018,3,strong,0
Zimnat Life Assurance,composite,1.1747,0.2448,0.0344,0.8561,1.311,0.6833,7921,2019,1,strong,0
RM Life Zimbabwe,life,1.2464,0.7352,0.2189,1.0014,1.2063,0.9566,5033,2022,4,adequate,0
Old Mutual Zimbabwe,composite,2.6589,0.4383,0.097,1.1792,1.2151,0.9272,3278,2024,3,strong,0
Heritage Insurance,reinsurer,1.7865,0.6945,-0.2742,0.5409,1.5286,0.5269,1992,2022,3,adequate,1
Old Mutual Life Assurance Zimbabwe,life,1.7204,0.8995,0.075,0.909,1.912,0.7829,6308,2020,4,adequate,0
NicozDiamond Brokers,composite,0.6481,0.7444,0.1561,0.6903,1.5663,0.7074,4608,2023,1,watch,1
Old Mutual Life Assurance Zimbabwe,reinsurer,1.6195,0.5572,0.4116,0.9983,1.0714,0.5224,5756,2023,2,strong,0
NicozDiamond Brokers,composite,1.6099,0.6146,0.1677,0.8096,1.2537,0.5762,6432,2019,2,strong,0
Minerva Risk Advisors,life,1.3358,0.1,-0.1197,1.0342,0.9159,0.8978,2438,2020,1,strong,0
FBC Insurance,composite,1.6634,0.7571,0.2202,0.9614,1.3981,0.9315,10190,2019,2,strong,0
Minerva Risk Advisors,general,1.285,0.9873,0.0377,0.7993,0.7369,0.5241,13673,2022,3,watch,0
ZB Bank Insurance,general,1.0302,0.2965,0.2386,0.8772,1.2373,0.961,4293,2023,4,strong,0
CABS Insurance,reinsurer,1.6144,0.9167,0.1316,0.5929,1.5615,0.6129,13917,2024,1,adequate,0
First Mutual Health,reinsurer,0.9558,0.7211,-0.0107,0.8186,1.2399,0.7589,2155,2021,1,adequate,0
NicozDiamond Brokers,general,1.3722,0.7605,0.0706,1.0034,1.5395,0.7553,1022,2021,2,adequate,0
NicozDiamond Brokers,general,1.4841,0.1648,-0.0523,0.6855,1.1524,0.8572,6541,2022,3,strong,0
Heritage Insurance,general,0.9522,0.8826,0.139,0.8097,1.1883,0.5773,2665,2018,3,watch,1
Fidelity Life Zimbabwe,life,1.4254,0.3541,0.0344,1.0552,0.8699,0.9722,8015,2021,1,strong,0
Heritage Insurance,life,1.3568,0.3299,0.1823,0.7686,0.8946,0.9111,1151,2024,2,strong,0
Tristar Insurance,composite,1.5763,0.7823,-0.0477,1.0792,1.2473,0.8318,4902,2022,1,adequate,0
First Mutual Life,composite,1.7985,0.486,0.0368,1.073,0.6771,0.9187,1970,2021,1,strong,0
RM Life Zimbabwe,composite,1.5329,0.6899,-0.0646,0.9627,1.3687,0.5976,2520,2018,4,strong,0
Zimnat Life Assurance,general,1.1919,0.7046,-0.2372,0.8448,1.6135,0.6041,2688,2024,4,adequate,0
Fidelity Life Assurance,general,1.8915,0.9365,-0.1436,0.7742,1.6256,0.7993,1796,2024,1,adequate,0
ZB Life Assurance,reinsurer,0.5701,0.9785,0.3821,0.7971,0.6112,0.8993,1266,2019,4,watch,1
Zimnat General Insurance,general,1.5616,0.1075,-0.2804,0.4774,1.7479,0.5838,2774,2022,1,strong,1
Heritage Insurance,composite,1.9818,0.5601,0.1455,0.9677,1.1265,0.862,7826,2022,2,strong,0
Fidelity Life Zimbabwe,general,2.2733,0.8496,-0.0339,0.7963,1.5456,0.687,1205,2019,3,adequate,0
Tristar Insurance,general,1.1646,0.9544,0.3814,0.9327,1.1242,0.6137,2991,2024,3,adequate,0
Heritage Insurance,general,1.2101,0.8448,-0.0686,0.9256,1.6431,0.6184,8028,2020,4,adequate,0
Old Mutual Zimbabwe,life,1.5489,0.8438,0.0242,0.889,0.8778,0.7737,5206,2018,1,adequate,0
Fidelity Life Zimbabwe,composite,1.9138,0.6104,0.0722,1.1796,1.2897,0.5654,6976,2018,3,strong,0
FBC Insurance,life,1.1817,0.9221,0.3289,0.9102,0.9473,0.5859,4003,2021,3,adequate,0
Sanctuary Insurance,reinsurer,1.4462,0.7726,0.2411,0.9141,0.7563,0.8294,1353,2021,1,adequate,0
ZB Bank Insurance,composite,0.7342,0.6236,0.0569,1.0913,1.0151,0.5435,2379,2020,4,adequate,1
RM Life Zimbabwe,general,2.1749,0.9111,-0.0586,0.8658,0.8796,0.9835,11336,2024,1,adequate,0
Old Mutual Zimbabwe,reinsurer,0.838,0.6942,0.4013,0.7887,1.3005,0.7772,2043,2020,3,adequate,0
First Mutual Health,reinsurer,1.2856,0.6261,-0.4,1.0585,0.4,0.7086,10220,2021,3,adequate,0
Alliance Insurance,life,1.0601,0.6151,0.2418,0.8666,1.3823,0.8612,3901,2019,2,adequate,0
ZB Life Assurance,life,1.253,0.3984,0.2277,1.0484,1.1368,0.6231,4050,2021,4,strong,0
Heritage Insurance,life,2.0829,0.6656,-0.1066,0.8004,1.5907,0.5012,3053,2020,1,strong,0
NicozDiamond Brokers,general,1.4883,0.8471,-0.1823,0.8214,1.7618,0.6457,7061,2021,3,adequate,0
Fidelity Life Assurance,reinsurer,1.1333,0.2865,-0.0501,0.7064,1.6419,0.9144,4134,2020,3,strong,0
Zimnat Life Assurance,general,0.9069,0.5859,-0.2365,1.087,1.229,0.6179,2148,2022,4,adequate,0
Nicoz Diamond Insurance,life,1.6536,0.8881,0.0674,0.68,0.8085,0.6397,561,2018,2,adequate,0
CBZ Life,life,1.0741,0.7197,0.0312,0.8375,1.8122,0.967,5926,2024,3,adequate,0
FBC Insurance,life,1.929,0.4077,0.1027,0.8291,0.9831,0.7949,7466,2021,3,strong,0
Old Mutual Zimbabwe,composite,1.3331,0.5061,0.0322,0.8106,0.6579,0.8044,3624,2023,2,adequate,0
Heritage Insurance,composite,1.3182,0.6652,0.0582,0.6142,1.1258,0.9831,5534,2024,1,adequate,0
Moonlight Insurance,general,1.6455,0.7285,0.2828,1.0262,1.0381,0.5928,2684,2023,4,adequate,0
CBZ Life,composite,1.2812,0.6607,0.0711,0.8627,0.9992,0.9638,7570,2020,4,adequate,0
Heritage Insurance,reinsurer,0.9582,0.6191,0.2432,1.0222,1.4666,0.7083,3738,2018,3,adequate,0
CABS Insurance,life,1.3302,0.4059,-0.0233,0.6871,1.2397,0.6926,801,2023,2,strong,0
First Mutual Life,composite,1.7703,0.4323,-0.0009,0.9119,0.8875,0.9843,4969,2022,2,strong,0
Sanctuary Insurance,life,0.8198,0.9024,0.2748,0.7987,1.5945,0.7012,5472,2023,2,watch,0
Heritage Life Assurance,general,0.7328,0.667,-0.2053,1.143,1.3922,0.5522,7191,2022,2,adequate,1
Zimnat Life Assurance,reinsurer,0.6659,0.7948,0.3893,0.9057,1.8336,0.9546,2056,2019,1,watch,1
Old Mutual Zimbabwe,composite,1.4512,0.8998,0.1149,0.8699,0.9539,0.9328,1780,2021,3,adequate,0
Cell Insurance,general,1.4268,0.3842,-0.0568,1.0275,1.0613,0.7243,12828,2024,3,strong,0
Fidelity Life Assurance,general,1.3653,0.3861,0.4465,0.8151,1.2588,0.785,930,2024,4,strong,0
CABS Insurance,life,1.2055,0.7777,0.0177,0.7765,1.6754,0.6951,10772,2023,3,adequate,0
CBZ Life,reinsurer,1.1679,0.2688,-0.2048,0.7683,1.2336,0.8647,1963,2023,3,strong,0
Nicoz Diamond Insurance,composite,1.2896,1.002,0.1681,0.5876,1.116,0.5084,6275,2021,2,watch,0
First Mutual Life,life,1.7578,0.5682,-0.0747,0.9353,0.9623,0.9138,4323,2019,2,strong,0
FBC Insurance,composite,1.4887,1.0749,-0.1337,0.8255,1.1736,0.8674,2046,2020,4,adequate,0
Old Mutual Life Assurance Zimbabwe,life,1.2791,0.7918,0.1914,0.8911,1.1929,0.828,3161,2022,4,adequate,0
Alliance Insurance,composite,2.2173,1.0498,-0.3401,0.489,1.0107,0.9786,2513,2023,1,watch,1
Sanctuary Insurance,general,1.8457,0.735,0.1235,0.7079,1.4367,0.6594,1040,2023,3,adequate,0
CBZ Life,composite,0.741,0.5902,0.0174,1.0334,1.3115,0.7061,4029,2019,4,adequate,0
Heritage Life Assurance,life,1.3815,0.5218,0.179,0.7614,1.3383,0.9964,15701,2023,4,strong,0
Heritage Insurance,reinsurer,1.762,0.5016,0.1309,0.8224,1.1156,0.634,2551,2024,3,strong,0
ZB Life Assurance,life,1.4762,0.8504,-0.0467,1.0947,1.5226,0.5879,18905,2024,4,adequate,0
NicozDiamond Brokers,general,1.5012,0.889,-0.1096,0.9529,1.2581,0.5954,1445,2019,3,adequate,0
CBZ Life,composite,1.546,0.6289,0.3737,0.9094,1.1591,0.5473,2056,2021,2,strong,0
Zimnat General Insurance,life,1.2883,0.6119,-0.0172,0.8717,1.2902,0.9535,4059,2023,4,adequate,0
CABS Insurance,reinsurer,1.4545,0.4371,0.0607,0.9907,1.2646,0.6893,12694,2022,4,strong,0
Old Mutual Life Assurance Zimbabwe,general,1.4681,0.8582,0.335,1.1672,1.2844,0.7046,2784,2021,3,adequate,0
Cell Insurance,general,1.2089,0.5595,0.0145,0.7609,1.196,0.9718,1341,2021,1,adequate,0
Old Mutual Life Assurance Zimbabwe,reinsurer,1.1432,0.8501,0.3701,0.8064,1.3685,0.5518,4362,2020,2,adequate,0
NicozDiamond Brokers,composite,1.2379,0.8929,0.1561,1.0862,1.1291,0.99,10605,2024,4,adequate,0
First Mutual Life,composite,1.9889,0.2456,0.0452,0.9383,0.9928,0.6373,3758,2021,1,strong,0
Alliance Insurance,composite,1.617,0.9383,0.2079,0.8368,0.9694,0.5384,1863,2018,3,adequate,0
ZB Life Assurance,composite,1.5988,0.1629,0.3716,0.8705,1.2756,0.6674,3887,2019,2,strong,0
First Mutual Life,general,1.8847,0.5632,0.3569,0.9311,1.3117,0.8661,10787,2019,3,strong,0
RM Life Zimbabwe,general,1.2595,0.7637,0.3903,0.9793,1.0819,0.7605,4399,2023,4,adequate,0
Minerva Risk Advisors,composite,1.198,0.9201,0.2491,0.7558,1.2044,0.8243,3362,2022,3,adequate,0
Tristar Insurance,reinsurer,1.4159,0.814,-0.1982,1.334,1.6935,0.6706,2623,2024,4,adequate,0
Tristar Insurance,reinsurer,0.5499,0.9704,0.2372,0.7964,1.5216,0.6788,1174,2019,2,watch,1
Zimnat General Insurance,life,1.6277,0.58,-0.0354,0.8725,1.022,0.6516,820,2020,2,strong,0
Fidelity Life Zimbabwe,life,1.2224,0.6911,-0.3785,0.3614,1.4027,0.6571,1067,2021,4,adequate,1
Sanctuary Insurance,composite,1.4624,0.3332,0.2072,1.208,1.5732,0.8785,1816,2020,3,strong,0
RM Insurance,reinsurer,2.0393,0.7564,-0.0262,0.859,0.9232,0.6874,30945,2024,3,adequate,0
Heritage Life Assurance,life,1.5825,0.9837,0.0314,0.6635,1.1279,0.7222,12830,2023,4,adequate,0
CBZ Life,general,1.953,0.7124,-0.0301,0.603,1.1664,0.7367,7265,2024,3,adequate,0
Old Mutual Zimbabwe,composite,1.3773,0.9109,0.0199,0.8537,0.8136,0.5815,3264,2024,4,adequate,0
Moonlight Insurance,reinsurer,1.4974,0.8705,0.209,1.085,1.7373,0.5138,7124,2020,3,adequate,0
NicozDiamond Brokers,general,1.3239,0.1,0.3496,0.7515,1.401,0.711,6450,2018,1,strong,0
Tristar Insurance,reinsurer,1.3223,0.4523,0.116,0.8285,1.714,0.9596,4716,2018,2,strong,0
ZB Bank Insurance,general,1.5508,0.6414,0.0306,0.8924,1.773,0.9557,4655,2024,3,strong,0
Sanctuary Insurance,reinsurer,1.427,0.3579,0.023,0.8424,1.5477,0.7957,2638,2018,1,strong,0
RM Insurance,life,1.2663,0.2371,0.0153,0.803,1.7243,0.9531,1754,2021,4,strong,0
Minerva Risk Advisors,life,1.4348,0.9225,-0.3178,0.9647,0.8863,0.7579,6054,2023,3,adequate,0
ZB Life Assurance,life,1.2687,0.5273,0.1765,0.7905,1.6592,0.6877,2269,2018,3,adequate,0
CBZ Life,general,1.1875,0.6289,-0.0543,0.6521,1.3232,0.8886,5525,2021,1,adequate,0
CABS Insurance,reinsurer,0.7058,1.135,0.1424,0.6791,1.1777,0.8369,826,2023,1,watch,1
CBZ Life,reinsurer,1.3336,0.979,-0.4,0.813,1.0639,0.8217,7052,2021,2,adequate,0
Heritage Insurance,reinsurer,1.6712,0.416,0.2367,1.1019,1.7883,0.8693,4121,2019,4,strong,0
Sanctuary Insurance,composite,2.0314,0.4892,0.0589,0.7618,0.9594,0.9923,4929,2023,4,strong,0
Heritage Insurance,composite,2.1246,0.7042,0.0611,0.9024,1.6111,0.6461,4308,2019,2,strong,0
FBC Insurance,life,1.6379,0.2909,0.0535,0.9839,1.0497,0.8908,5746,2023,2,strong,0
Alliance Insurance,general,1.9306,0.8041,-0.0697,0.8807,1.3426,0.6592,3867,2023,2,adequate,0
First Mutual Life,life,1.9647,1.0015,0.4281,0.6675,0.9056,0.7981,3187,2023,2,adequate,0
RM Insurance,composite,2.0313,0.8083,0.2462,0.7213,1.2082,0.9433,2998,2019,2,adequate,0
Nicoz Diamond Insurance,life,1.3585,0.6836,0.1705,0.9253,1.3221,0.9822,9668,2023,2,adequate,0
First Mutual Health,life,1.524,0.5426,0.1681,0.8411,1.2688,0.6352,5344,2021,3,strong,0
Sanctuary Insurance,reinsurer,1.2884,0.8879,0.4758,0.8774,1.042,0.7552,4844,2020,1,adequate,0
Fidelity Life Assurance,reinsurer,1.6054,0.7916,0.2775,0.9325,0.9444,0.8373,1115,2019,4,adequate,0
CBZ Life,composite,1.6477,0.6932,0.2043,0.8798,1.1052,0.5729,2590,2019,4,adequate,0
Zimnat Life Assurance,reinsurer,1.7512,0.4671,-0.0673,0.6226,1.1176,0.9034,27807,2022,2,adequate,0
RM Life Zimbabwe,reinsurer,1.3239,0.4288,0.2373,0.8711,1.5688,0.5783,4413,2022,4,strong,0
Fidelity Life Zimbabwe,life,1.4515,1.0274,-0.0206,0.6569,0.9189,0.897,2330,2023,1,adequate,0
Moonlight Insurance,life,1.1491,0.2916,-0.2576,0.7107,1.7664,0.6748,4741,2019,3,strong,0
Fidelity Life Zimbabwe,composite,1.1263,0.7606,-0.0226,1.0314,1.0351,0.5358,697,2019,3,adequate,0
Fidelity Life Assurance,life,1.4004,0.5236,0.0868,0.9375,1.7655,0.522,11890,2018,2,strong,0
RM Insurance,life,2.5357,0.4808,0.2555,0.5567,1.419,0.919,7404,2021,4,strong,0
First Mutual Health,reinsurer,1.673,0.4323,-0.1366,0.7618,1.3194,0.6423,3045,2021,3,strong,0
Heritage Life Assurance,reinsurer,1.5239,0.8315,-0.119,0.9945,0.7849,0.5155,5899,2022,4,adequate,0
RM Insurance,general,1.7186,0.417,0.0328,0.956,1.1959,0.8117,4791,2023,3,strong,0
Heritage Life Assurance,general,1.0926,0.7392,0.1412,0.9274,1.3729,0.771,833,2024,3,adequate,0
ZB Bank Insurance,composite,1.9081,0.724,0.3161,0.8497,1.2966,0.7757,2487,2018,4,adequate,0
Cell Insurance,composite,1.6625,0.8597,-0.1128,0.8034,1.373,0.7024,838,2022,2,adequate,0
First Mutual Life,composite,1.924,0.882,-0.0323,0.5624,1.234,0.5999,16397,2023,3,adequate,0
First Mutual Life,life,2.025,0.808,-0.0338,0.9206,1.4514,0.5683,2223,2018,4,adequate,0
NicozDiamond Brokers,life,1.2895,0.8034,-0.1231,0.6577,1.3421,0.8999,12557,2021,3,adequate,0
Alliance Insurance,composite,1.1636,0.3497,-0.0038,0.8176,1.4266,0.5905,4020,2021,3,strong,0
Fidelity Life Assurance,general,0.9567,0.2223,0.1567,0.9173,1.3501,0.8124,3726,2019,2,strong,0
Sanctuary Insurance,general,1.4858,0.7455,0.5943,0.935,1.4249,0.9685,1057,2018,2,strong,0
CBZ Life,reinsurer,1.8791,0.1,0.097,1.0673,0.924,0.8899,2162,2023,2,strong,0
Nicoz Diamond Insurance,reinsurer,1.717,0.2668,-0.1424,0.8228,0.9715,0.8696,11089,2021,2,strong,0
First Mutual Life,composite,1.3871,0.7741,0.0321,0.8624,1.4989,0.803,1595,2024,2,adequate,0
Tristar Insurance,general,1.1966,0.7722,0.1287,0.845,1.1777,0.8348,9431,2019,2,adequate,0
NicozDiamond Brokers,general,1.5634,0.8863,0.5357,1.102,1.5858,0.7638,2220,2022,1,adequate,0
Old Mutual Zimbabwe,reinsurer,1.5633,0.8221,0.0056,0.8407,1.0322,0.7906,1452,2024,3,adequate,0
Sanctuary Insurance,general,1.4038,0.6077,0.2905,0.7045,1.4765,0.6173,3461,2022,4,adequate,0
Cell Insurance,general,1.212,0.7324,-0.0758,1.0722,1.2724,0.5785,3650,2018,4,adequate,0
Heritage Life Assurance,life,1.5766,0.5855,-0.0359,0.9752,1.1993,0.6926,1689,2024,3,strong,0
ZB Bank Insurance,composite,1.7017,0.6963,0.2232,0.9235,1.2738,0.5567,23300,2023,1,strong,0
Heritage Insurance,composite,1.1686,0.4328,0.0626,0.9662,1.1489,0.5579,3712,2021,3,strong,0
Heritage Life Assurance,reinsurer,0.9674,0.775,0.2733,0.8037,1.3691,0.8747,4742,2022,4,adequate,0
Moonlight Insurance,life,1.3912,0.4909,0.2146,0.9852,1.4158,0.6922,2859,2020,4,strong,0
NicozDiamond Brokers,composite,1.6022,0.7978,0.1247,0.8814,1.3131,0.5365,7661,2020,1,adequate,0
Fidelity Life Zimbabwe,composite,1.5129,0.8009,0.1594,0.8169,1.5206,0.5631,2071,2024,4,adequate,0
Minerva Risk Advisors,reinsurer,1.5896,0.4937,0.2232,1.0139,1.3445,0.9049,5230,2019,2,strong,0
Moonlight Insurance,life,1.0637,0.9129,0.2983,0.8314,0.7424,0.876,2186,2024,1,watch,0
CBZ Life,life,1.595,0.3938,0.0052,0.7882,1.2078,0.9131,5102,2022,2,strong,0
RM Insurance,reinsurer,0.8887,0.8097,0.1499,1.0886,1.016,0.6908,9686,2020,4,adequate,0
Sanctuary Insurance,life,1.7067,0.9028,0.1937,0.9311,1.1261,0.7508,5133,2022,1,adequate,0
Old Mutual Zimbabwe,composite,1.1943,0.7216,0.0931,0.8852,0.9355,0.5271,2060,2022,1,adequate,0
Fidelity Life Zimbabwe,reinsurer,1.281,0.5642,0.1993,0.6517,1.1807,0.7116,31853,2024,1,adequate,0
CABS Insurance,composite,1.3389,0.1899,0.2832,0.8717,0.8923,0.9847,1994,2019,3,strong,0
Nicoz Diamond Insurance,reinsurer,1.6434,1.0127,0.1293,0.846,1.2533,0.933,3863,2019,2,adequate,0
First Mutual Health,life,1.7929,0.9662,0.082,0.8653,1.0552,0.9347,4846,2019,1,adequate,0
NicozDiamond Brokers,life,1.2695,0.5988,-0.1201,0.6772,1.4766,0.5183,9412,2020,1,adequate,0
RM Life Zimbabwe,life,1.4484,0.6367,-0.0212,0.9049,1.5872,0.6112,18612,2020,3,strong,0
First Mutual Health,reinsurer,1.8529,0.6109,0.2039,0.8875,1.9722,0.7969,11540,2019,1,strong,0
Old Mutual Life Assurance Zimbabwe,life,1.9269,0.1334,0.0254,1.0443,1.4151,0.7491,7335,2021,4,strong,0
CBZ Life,general,1.6937,0.7105,0.0605,0.7682,1.3646,0.6835,4553,2023,4,adequate,0
Tristar Insurance,composite,1.6546,0.6697,0.0493,0.882,1.4707,0.6909,2296,2019,3,strong,0
CABS Insurance,composite,1.2288,0.337,-0.2306,0.6868,1.0126,0.6122,3819,2024,3,adequate,0
Fidelity Life Assurance,composite,1.7716,0.7098,-0.0263,1.0897,0.9352,0.8967,13791,2021,1,adequate,0
Zimnat Life Assurance,composite,1.7283,0.8069,0.1296,1.0781,1.3646,0.5907,2122,2024,2,adequate,0
CBZ Life,life,0.8006,0.6349,0.1485,0.8314,1.4581,0.5091,2740,2020,2,adequate,1
Moonlight Insurance,composite,2.1793,0.7374,-0.0126,0.9156,1.2462,0.9718,2953,2022,2,adequate,0
Fidelity Life Zimbabwe,composite,0.8833,0.9252,0.1397,0.9925,1.5116,0.9779,1234,2022,1,adequate,0
Zimnat Life Assurance,general,2.1408,0.6684,0.1582,0.884,0.872,0.7866,5553,2024,2,adequate,0
Sanctuary Insurance,life,1.239,0.8211,0.0489,1.0247,1.2403,0.9638,3846,2020,2,adequate,0
First Mutual Health,life,1.7131,0.9087,0.4037,1.0587,1.0411,0.7062,4507,2019,4,adequate,0
Heritage Life Assurance,reinsurer,1.7868,0.9174,-0.1471,0.6028,0.9244,0.7258,3624,2019,1,adequate,0
Sanctuary Insurance,reinsurer,1.7064,0.3088,0.2618,0.8344,1.1858,0.9364,10153,2020,3,strong,0
Heritage Life Assurance,general,1.3046,0.8735,0.0647,0.7487,1.4452,0.6274,7139,2023,2,adequate,0
FBC Insurance,general,1.6075,0.5158,0.182,0.8184,1.2523,0.6257,2165,2023,3,strong,0
Fidelity Life Zimbabwe,life,1.2688,0.5333,-0.051,1.0862,1.588,0.9387,3158,2022,2,strong,0
Alliance Insurance,life,0.9889,0.62,0.0604,0.8113,1.5965,0.5412,1815,2022,1,adequate,1
RM Insurance,life,1.8438,0.777,-0.1283,0.8522,1.4263,0.9093,3470,2021,4,adequate,0
Minerva Risk Advisors,general,0.9453,0.455,0.3904,0.5614,1.2904,0.6249,11312,2020,1,adequate,0
Moonlight Insurance,life,0.5836,0.8712,-0.1474,0.9202,0.7586,0.6064,8519,2024,1,watch,1
Old Mutual Zimbabwe,composite,1.5208,0.862,-0.0385,0.9886,0.7681,0.9244,4643,2022,1,adequate,0
Minerva Risk Advisors,reinsurer,1.9902,0.8485,0.0297,0.8032,1.6703,0.9284,2376,2022,3,adequate,0
Heritage Insurance,life,1.8544,0.694,0.1545,1.1224,0.631,0.9656,7219,2022,3,adequate,0
Sanctuary Insurance,life,1.5611,0.612,0.2017,0.8503,0.5922,0.9868,23235,2023,2,adequate,0
ZB Bank Insurance,composite,1.2577,0.7432,0.2954,1.0126,1.4305,0.5347,925,2021,3,adequate,0
Moonlight Insurance,composite,0.5465,0.6312,-0.0515,0.9139,1.3243,0.7251,3416,2021,3,adequate,1
Zimnat General Insurance,life,0.565,0.8863,0.121,0.6661,1.6593,0.9632,1237,2024,2,watch,1
Tristar Insurance,reinsurer,1.3255,0.6344,-0.2302,0.9478,1.3933,0.6707,2545,2019,3,adequate,0
ZB Life Assurance,general,1.686,0.9263,-0.046,0.4959,0.9474,0.8106,6043,2024,3,adequate,0
Minerva Risk Advisors,life,1.3681,0.705,0.0044,0.9449,1.2862,0.6237,767,2024,4,adequate,0
First Mutual Life,life,1.8386,0.9239,0.3159,0.7901,1.1665,0.9344,1745,2022,3,adequate,0
Sanctuary Insurance,composite,1.4182,0.3999,-0.1229,0.9078,1.4818,0.9527,1360,2022,3,strong,0
Cell Insurance,life,1.0676,0.8797,-0.0676,1.1188,1.2727,0.836,3632,2021,3,adequate,0
ZB Life Assurance,reinsurer,1.4628,0.1277,0.407,0.7478,1.3152,0.6886,4153,2019,3,strong,0
ZB Bank Insurance,composite,1.3136,0.4047,-0.1028,0.927,1.5014,0.7433,46301,2022,3,strong,0
Old Mutual Life Assurance Zimbabwe,composite,1.7682,0.6282,0.1265,0.9528,1.3511,0.9007,1528,2024,3,strong,0
Old Mutual Life Assurance Zimbabwe,general,1.2129,0.3152,-0.1324,0.8493,1.779,0.6747,1191,2024,4,strong,0
First Mutual Health,reinsurer,1.3605,0.7796,-0.1223,0.946,1.609,0.6548,5645,2024,1,adequate,0
Old Mutual Zimbabwe,general,1.8278,0.9697,0.2354,0.7975,2.1375,0.5234,24247,2023,3,adequate,0
ZB Bank Insurance,life,1.8087,1.0582,0.0596,0.7281,1.288,0.9609,2948,2020,2,adequate,0
CBZ Life,general,0.9813,0.2415,-0.0102,0.8244,1.2787,0.7,4046,2018,1,adequate,0
Heritage Insurance,general,1.3928,0.6943,-0.289,0.8727,0.997,0.7906,2229,2022,2,adequate,0
Sanctuary Insurance,composite,1.5874,0.4082,-0.0162,0.7819,1.3517,0.7036,3130,2022,3,strong,0
First Mutual Health,life,1.5995,0.9062,0.03,0.6977,1.6258,0.6525,5881,2022,2,adequate,0
Zimnat Life Assurance,reinsurer,1.4512,0.7902,0.0787,0.8138,1.7153,0.7655,4312,2019,1,adequate,0
Heritage Insurance,life,1.9802,0.5537,-0.0297,0.849,1.1892,0.7868,8482,2024,3,strong,0
Alliance Insurance,reinsurer,1.852,0.6917,0.1379,0.3687,1.9734,0.7646,2794,2023,3,adequate,0
Nicoz Diamond Insurance,reinsurer,1.5003,0.862,-0.2673,0.5254,1.5522,0.6721,1549,2021,1,adequate,1
Nicoz Diamond Insurance,reinsurer,2.1376,0.3705,0.3492,0.884,1.5683,0.9232,7423,2024,1,strong,0
Sanctuary Insurance,reinsurer,1.2994,0.4358,0.1806,0.8448,1.1743,0.8728,6930,2024,1,strong,0
Old Mutual Zimbabwe,general,1.213,0.4713,-0.3125,0.823,0.7091,0.8371,2174,2022,2,adequate,0
Tristar Insurance,reinsurer,1.3645,0.8354,-0.0171,0.8362,0.7726,0.6504,6800,2024,3,adequate,0
Heritage Insurance,life,1.5383,0.8225,-0.0831,0.7941,1.0913,0.9627,10141,2018,3,adequate,0
Old Mutual Zimbabwe,life,1.2604,0.9351,0.1405,0.7696,1.1943,0.9759,2572,2020,4,adequate,0
CBZ Life,reinsurer,1.6681,0.3931,0.0742,0.7549,0.9927,0.5327,5527,2024,4,strong,0
Heritage Life Assurance,life,2.2037,0.6344,-0.1358,0.7238,1.1167,0.7356,7147,2020,4,adequate,0
Tristar Insurance,life,1.0581,0.1896,0.134,0.9005,1.2306,0.9897,5107,2019,2,strong,0
Moonlight Insurance,reinsurer,2.2,0.4888,0.0848,0.6876,1.1885,0.5921,3260,2023,2,strong,0
ZB Life Assurance,general,1.4196,0.5189,0.3338,0.9264,1.4373,0.9232,25305,2021,2,strong,0
RM Insurance,composite,1.3331,0.7889,0.1679,0.8074,1.1517,0.7443,6921,2019,4,adequate,0
Old Mutual Zimbabwe,life,1.113,0.1677,-0.0099,1.1957,1.0297,0.776,10539,2021,4,strong,0
CABS Insurance,life,1.6431,0.5136,-0.025,1.1255,1.5106,0.9133,5663,2024,3,strong,0
Zimnat General Insurance,general,1.486,0.5695,0.0538,0.7614,1.2824,0.8253,3798,2020,3,strong,0
Old Mutual Zimbabwe,reinsurer,1.6866,0.4654,0.4264,0.6303,1.9982,0.5442,9861,2019,2,strong,0
Zimnat General Insurance,general,0.8568,0.5845,0.0779,0.839,0.9281,0.7063,1563,2019,1,adequate,0
Fidelity Life Zimbabwe,life,1.173,0.5943,-0.0397,0.6785,1.4701,0.714,3099,2019,4,adequate,0
First Mutual Life,composite,1.9191,0.7881,-0.0991,0.7233,1.0646,0.7931,1288,2019,1,adequate,0
RM Life Zimbabwe,life,1.5178,0.6504,0.1034,0.8853,1.3278,0.6804,1751,2023,2,strong,0
First Mutual Life,life,0.8332,0.5848,0.008,0.8705,0.8929,0.5202,3243,2022,2,adequate,1
Old Mutual Zimbabwe,life,1.1278,1.0282,0.0598,1.1142,1.194,0.6828,5963,2018,1,adequate,0
CABS Insurance,general,1.241,1.0307,0.0412,1.1858,1.0921,0.9295,10695,2020,1,adequate,0
NicozDiamond Brokers,composite,1.5713,0.9269,-0.0972,0.8766,0.938,0.9992,3984,2022,2,adequate,0
Old Mutual Zimbabwe,general,1.1707,0.8329,0.4958,0.929,1.0303,0.6509,4123,2020,3,adequate,0
Heritage Life Assurance,life,1.7611,0.4186,0.2698,0.6339,1.6554,0.5564,1759,2021,1,strong,0
Tristar Insurance,reinsurer,1.9083,0.5758,-0.0793,0.9664,1.3754,0.8581,4464,2023,3,strong,0
Cell Insurance,general,0.859,1.0546,0.2274,1.0107,1.0361,0.7303,3363,2023,4,watch,1
FBC Insurance,life,1.3848,0.2334,-0.032,1.189,1.1824,0.8899,4758,2023,3,strong,0
CABS Insurance,reinsurer,0.6278,0.5782,0.129,0.9632,0.8336,0.9884,2020,2024,1,watch,1
Moonlight Insurance,general,1.0742,0.5286,0.1882,0.7444,1.1719,0.9134,3030,2022,1,adequate,0
First Mutual Health,general,0.8953,0.5973,0.0844,0.8646,0.9493,0.9199,2828,2024,4,adequate,0
FBC Insurance,composite,1.425,0.4253,0.1364,0.8902,0.783,0.7861,4543,2018,3,strong,0
FBC Insurance,reinsurer,0.9042,0.934,-0.0506,0.7857,1.4823,0.6893,18097,2022,3,watch,0
Alliance Insurance,composite,1.6105,0.316,0.1549,0.7352,1.0066,0.6361,5236,2022,2,strong,0
Tristar Insurance,reinsurer,1.3441,0.9777,0.026,0.6737,1.2688,0.9299,6853,2018,2,adequate,0
Tristar Insurance,composite,1.6035,0.184,-0.2326,0.7611,1.6668,0.9977,8168,2023,2,strong,0
RM Life Zimbabwe,composite,1.0491,0.3012,0.1287,0.7872,1.3052,0.5624,3649,2024,3,adequate,0
Heritage Life Assurance,composite,0.9289,0.8248,0.2171,0.7096,1.3113,0.7803,1081,2019,3,watch,0
ZB Bank Insurance,reinsurer,0.6038,1.1281,-0.1076,0.8949,0.9766,0.9016,3705,2018,3,watch,1
ZB Life Assurance,composite,1.8033,0.7463,0.1772,0.9904,1.0275,0.8936,14453,2019,4,adequate,0
